Workbook

Sheet ADMK
B2: d7fb35bb-cd73-4619-ab55-6dd15091f242
B3: id | C3: Sl No. | D3: Candidate name | E3: Constituency name | G3: Assembly Constituency Name | H3: Candidate Name | J3: =_xlfn.CONCAT("insert into candidate (id, year, party_id, constituency_id, candidate_name, created_by) values (UUID(), 2026, '", $B$2, "', '", B4, "', '", D4, "', 'system' );") -> insert into candidate (id, year, party_id, constituency_id, candidate_name, created_by) values (UUID(), 2026, 'd7fb35bb-cd73-4619-ab55-6dd15091f242', 'b23bc17c-3c90-42e5-acda-75cbd383845e', 'V. Sudhakar', 'system' );
B4: =VLOOKUP(F4,'TN Constituency'!P:Q,2,FALSE) -> b23bc17c-3c90-42e5-acda-75cbd383845e | C4: 1 | D4: V. Sudhakar | E4: 1 - Gummidipoondi | F4: Gummidipoondi | G4: Edappadi | H4: K. Palaniswami
B5: =VLOOKUP(F5,'TN Constituency'!P:Q,2,FALSE) -> 3a716a0f-b4b9-457f-a3a1-a66c6888fe7a | C5: 2 | D5: Siruniyam P. Balaraman | E5: 2 - Ponneri | F5: Ponneri | G5: Veppanahalli | H5: K.P. Munusamy
B6: =VLOOKUP(F6,'TN Constituency'!P:Q,2,FALSE) -> e0a00a3b-90f6-4696-9e59-caa742168983 | C6: 3 | D6: K. Hari | E6: 3 - Tiruttani | F6: Tiruttani | G6: Thindukkal | H6: C. Srinivasan
B7: =VLOOKUP(F7,'TN Constituency'!P:Q,2,FALSE) -> 008aedf6-4a9d-4269-a7ad-63b7e8d8eaa5 | C7: 4 | D7: B. V. Ramana | E7: 4 - Thiruvallur | F7: Thiruvallur | G7: Natham | H7: Natham R. Viswanathan
B8: =VLOOKUP(F8,'TN Constituency'!P:Q,2,FALSE) -> b5f82308-ca4e-41c1-9499-e932b5b6705d | C8: 5 | D8: Benjamin | E8: 7 - Maduravoyal | F8: Maduravoyal | G8: Thondamuthur | H8: S.P. Velumani
B9: =VLOOKUP(F9,'TN Constituency'!P:Q,2,FALSE) -> 52619af0-424d-4172-9451-f329734d5a34 | C9: 6 | D9: V. Moorthy | E9: 9 - Madavaram | F9: Madavaram | G9: Kumarapalayam | H9: P. Thangamani
B10: =VLOOKUP(F10,'TN Constituency'!P:Q,2,FALSE) -> 7ab4491b-648d-48c5-bcac-781f3095e9b3 | C10: 7 | D10: K. Kuppan | E10: 10 - Thiruvottiyur | F10: Thiruvottiyur | G10: Rayapuram | H10: D. Jayakumar
B11: =VLOOKUP(F11,'TN Constituency'!P:Q,2,FALSE) -> 499ff327-af5f-4703-8e77-8a22e71fb2c3 | C11: 8 | D11: R. S. Rajesh | E11: 11 - Dr.Radhakrishnan Nagar | F11: Dr.Radhakrishnan Nagar | G11: Mailam | H11: C.Ve. Shanmugam
B12: =VLOOKUP(F12,'TN Constituency'!P:Q,2,FALSE) -> 3236346d-b10c-4aff-9ce3-c46583b10191 | C12: 9 | D12: P. Santhanakrishnan | E12: 13 - Kolathur | F12: Kolathur | G12: Madurai West | H12: Sellur K. Raju
B13: =VLOOKUP(F13,'TN Constituency'!P:Q,2,FALSE) -> 07df490e-071b-4a61-87ff-347bb52f532b | C13: 10 | D13: Vijayakumar | E13: 14 - Villivakkam | F13: Villivakkam | G13: Palacode | H13: K.P. Anbazhagan
B14: =VLOOKUP(F14,'TN Constituency'!P:Q,2,FALSE) -> 30ac3795-6700-480f-b3b4-695d1d7fb7d9 | C14: 11 | D14: A. Porkodi | E14: 15 - Thiru-Vi-Ka-Nagar | F14: Thiru-Vi-Ka-Nagar | G14: Nannilam | H14: R. Kamaraj
B15: =VLOOKUP(F15,'TN Constituency'!P:Q,2,FALSE) -> e9d7b055-673a-4a10-a667-ba540eb89569 | C15: 12 | D15: Abhishek Rangaswamy | E15: 16 - Egmore | F15: Egmore | G15: Vedaranyam | H15: O.S. Manian
... B170: =VLOOKUP(F170,'TN Constituency'!P:Q,2,FALSE) -> e917a474-283e-411f-8f86-3f787f4765e7 | C170: 167 | D170: S. Sayed Sultan Samsudeen | E170: 226 - Palayamkottai | F170: Palayamkottai | G170: Alangudi (182) | H170: Mr. Dhan. Vimal, B.A., B.L.; Pudukkottai North District Puratchi Thalaivi Peravai Joint Secretary
B171: =VLOOKUP(F171,'TN Constituency'!P:Q,2,FALSE) -> 22e64e27-1dc1-4398-8a07-bbfc6e10b177 | C171: 168 | D171: N. Thalavaisundaram | E171: 229 - Kanniyakumari | F171: Kanniyakumari

Sheet DMK
B2: 4bdabcb3-ac2c-4b4b-a218-d7d66f64fd0d | H2: Dravida Munnetra Kazhagam (DMK)
B3: DMK | N3: id | O3: year | P3: party_id | Q3: candidate_name | R3: constituency_id | S3: district_id | T3: state_id | U3: country_id
H4: id | I4: year | J4: party_id | K4: constituency_id
B5: S.No | C5: Constituency | D5: Candidate Name | G5: Sl No. | H5: Candidate name | I5: Constituency name
B6: 1 | C6: Kanniyakumari | D6: Re. Mahesh B.A., B.L. | G6: 1 | H6: Govindarajan | I6: 1 - Gummidipoondi | K6: =VLOOKUP(L6,'TN Constituency'!P:Q,2,FALSE) -> b23bc17c-3c90-42e5-acda-75cbd383845e | L6: Gummidipoondi | M6: =VLOOKUP(L6,C:D,2,FALSE) -> T.J. Govindarajan
B7: 2 | C7: Nagercoil | D7: S. Austin M.A. | G7: 2 | H7: Rajendran | I7: 4 - Thiruvallur | K7: =VLOOKUP(L7,'TN Constituency'!P:Q,2,FALSE) -> 008aedf6-4a9d-4269-a7ad-63b7e8d8eaa5 | L7: Thiruvallur | M7: =VLOOKUP(L7,C:D,2,FALSE) -> V.G. Rajendran B.E.
B8: 3 | C8: Radhapuram | D8: M. Appavu | G8: 3 | H8: Krishnasamy | I8: 5 - Poonamallee | K8: =VLOOKUP(L8,'TN Constituency'!P:Q,2,FALSE) -> 17586e3c-1487-43c6-81b0-e3cabe59fa92 | L8: Poonamallee | M8: =VLOOKUP(L8,C:D,2,FALSE) -> A. Krishnaswamy B.A., B.L.
B9: 4 | C9: Palayamkottai | D9: M. Abdul Wahab B.Com. | G9: 4 | H9: SM. Nasar | I9: 6 - Avadi | K9: =VLOOKUP(L9,'TN Constituency'!P:Q,2,FALSE) -> 4987680d-e88c-4439-a3ae-1a536e586453 | L9: Avadi | M9: =VLOOKUP(L9,C:D,2,FALSE) -> S.M. Nasar
B10: 5 | C10: Tirunelveli | D10: Su. Subramanian B.E., M.B.A. | G10: 5 | H10: Gaarampakkam Ganapathi | I10: 7 - Maduravoyal | K10: =VLOOKUP(L10,'TN Constituency'!P:Q,2,FALSE) -> b5f82308-ca4e-41c1-9499-e932b5b6705d | L10: Maduravoyal | M10: =VLOOKUP(L10,C:D,2,FALSE) -> Karambakkam Ganapathy
B11: 6 | C11: Alangulam | D11: Dr. Paul Manoj Pandian M.A., M.L., Ph.D. | G11: 6 | H11: Dr. Poornima | I11: 8 - Ambattur | K11: =VLOOKUP(L11,'TN Constituency'!P:Q,2,FALSE) -> bcfb125e-6b85-4f11-a08f-902adff330bf | L11: Ambattur | M11: =VLOOKUP(L11,C:D,2,FALSE) -> Dr. A.P. Poornima M.B.B.S., M.D.
B12: 7 | C12: Tenkasi | D12: Dr. Kalai Kathiravan M.B.B.S. | G12: 7 | H12: Sudarsanam | I12: 9 - Madavaram | K12: =VLOOKUP(L12,'TN Constituency'!P:Q,2,FALSE) -> 52619af0-424d-4172-9451-f329734d5a34 | L12: Madavaram | M12: S. Sudharsanam M.A., B.L.
B13: 8 | C13: Vasudevanallur | D13: E. Raja B.Com., M.L. | G13: 8 | H13: Ebinezhar | I13: 11 - Dr.Radhakrishnan Nagar | K13: =VLOOKUP(L13,'TN Constituency'!P:Q,2,FALSE) -> 499ff327-af5f-4703-8e77-8a22e71fb2c3 | L13: Dr.Radhakrishnan Nagar | M13: =VLOOKUP(L13,C:D,2,FALSE) -> J.J. Ebenezer M.Com., B.L.
B14: 9 | C14: Kovilpatti | D14: Ka. Karunanithi | G14: 9 | H14: RD Sekar | I14: 12 - Perambur | K14: =VLOOKUP(L14,'TN Constituency'!P:Q,2,FALSE) -> 144532f7-7933-491e-8f75-8444036f8e76 | L14: Perambur | M14: =VLOOKUP(L14,C:D,2,FALSE) -> R.D. Sekar B.Com., B.L.
B15: 10 | C15: Ottapidaram | D15: M.C. Shanmugiah B.Sc. | G15: 10 | H15: MK. Stalin | I15: 13 - Kolathur | K15: =VLOOKUP(L15,'TN Constituency'!P:Q,2,FALSE) -> 3236346d-b10c-4aff-9ce3-c46583b10191 | L15: Kolathur | M15: =VLOOKUP(L15,C:D,2,FALSE) -> Muthuvel Karunanidhi Stalin B.A.
B16: 11 | C16: Tiruchendur | D16: Anitha Radhakrishnan | G16: 11 | H16: Karthick Mohan | I16: 14 - Villivakkam | K16: =VLOOKUP(L16,'TN Constituency'!P:Q,2,FALSE) -> 07df490e-071b-4a61-87ff-347bb52f532b | L16: Villivakkam | M16: =VLOOKUP(L16,C:D,2,FALSE) -> Karthikeyan B.E., M.S.
B17: 12 | C17: Thoothukkudi | D17: Geetha Jeevan M.Com., B.Ed. | G17: 12 | H17: KS Ravichandran | I17: 15 - Thiru-Vi-Ka-Nagar | K17: =VLOOKUP(L17,'TN Constituency'!P:Q,2,FALSE) -> 30ac3795-6700-480f-b3b4-695d1d7fb7d9 | L17: Thiru-Vi-Ka-Nagar | M17: =VLOOKUP(L17,C:D,2,FALSE) -> K.S. Ravichandran B.Sc., B.L.
B18: 13 | C18: Vilathikulam | D18: G.V. Markandayan B.A., B.L. | G18: 13 | H18: Tamizhan Prasanna | I18: 16 - Egmore | K18: =VLOOKUP(L18,'TN Constituency'!P:Q,2,FALSE) -> e9d7b055-673a-4a10-a667-ba540eb89569 | L18: Egmore | M18: =VLOOKUP(L18,C:D,2,FALSE) -> I. Paranthamen B.L.
B19: 14 | C19: Mudhukulathur | D19: R.S. Rajakannappan B.Sc., B.L. | G19: 14 | H19: Dr. Suberkhan | I19: 17 - Royapuram | K19: =VLOOKUP(L19,'TN Constituency'!P:Q,2,FALSE) -> 249a1248-4592-483f-8dbe-3b525a49a3b5 | L19: Royapuram | M19: =VLOOKUP(L19,C:D,2,FALSE) -> Dr. Idream R. Murthy M.B.B.S.
B20: 15 | C20: Ramanathapuram | D20: Kaderbatcha (a) Muthuramalingam B.A. | G20: 15 | H20: PK. Sekar Babu | I20: 18 - Harbour | K20: =VLOOKUP(L20,'TN Constituency'!P:Q,2,FALSE) -> 699a5fbc-431e-4f7b-9fad-3a53be1bef5c | L20: Harbour | M20: =VLOOKUP(L20,C:D,2,FALSE) -> P.K. Sekar Babu
B21: 16 | C21: Paramakudi | D21: K.K. Kathiravan B.A., B.L. | G21: 16 | H21: Udhayanidhi Stalin | I21: 19 - Chepauk-Thiruvallikeni | K21: =VLOOKUP(L21,'TN Constituency'!P:Q,2,FALSE) -> 9f1f5173-0700-4a12-ae6b-23e4b140e8a7 | L21: Chepauk-Thiruvallikeni | M21: =VLOOKUP(L21,C:D,2,FALSE) -> Udhayanidhi Stalin B.Com.
B22: 17 | C22: Tiruchuli | D22: Thangam Thennarasu B.E. | G22: 17 | H22: Dr. Ezhilan Naganathan | I22: 20 - Thousand Lights | K22: =VLOOKUP(L22,'TN Constituency'!P:Q,2,FALSE) -> c7b04183-9ddf-4099-842a-41042c059d18 | L22: Thousand Lights | M22: =VLOOKUP(L22,C:D,2,FALSE) -> Dr. Ezhilan Naganathan M.B.B.S., M.D.
B23: 18 | C23: Aruppukkottai | D23: K.K.S.S.R. Ramachandran | G23: 18 | H23: Sitrarasu | I23: 21 - Anna Nagar | K23: =VLOOKUP(L23,'TN Constituency'!P:Q,2,FALSE) -> 0a5ca5e8-1e73-4ccc-92e4-42d2e7499dc8 | L23: Anna Nagar | M23: =VLOOKUP(L23,C:D,2,FALSE) -> M.K. Mohan
B24: 19 | C24: Sattur | D24: A.R.R. Raghuraman | G24: 19 | H24: Prabhakar Raja | I24: 22 - Virugampakkam | K24: =VLOOKUP(L24,'TN Constituency'!P:Q,2,FALSE) -> 2b785d52-83bd-45e0-b33d-b931873c69a2 | L24: Virugampakkam | M24: =VLOOKUP(L24,C:D,2,FALSE) -> Prabhakar Raja M.Tech., M.B.A.
B25: 20 | C25: Rajapalayam | D25: S. Thangapandian | G25: 20 | H25: Ma Subramanian | I25: 23 - Saidapet | K25: =VLOOKUP(L25,'TN Constituency'!P:Q,2,FALSE) -> acfcb782-eb05-4125-84fc-293fdd46247d | L25: Saidapet | M25: =VLOOKUP(L25,C:D,2,FALSE) -> Ma. Subramanian B.A., L.L.B.
B26: 21 | C26: Cumbum | D26: N. Ramakrishnan M.A. | G26: 21 | H26: Raja Anbazhagan | I26: 24 - Thiyagarayanagar | K26: =VLOOKUP(L26,'TN Constituency'!P:Q,2,FALSE) -> e48776e2-4649-407d-aa1a-b7e535d58691 | L26: Thiyagarayanagar | M26: Raja Anbazhagan B.Com.
B27: 22 | C27: Bodinayakanur | D27: O. Panneerselvam B.A. | G27: 22 | H27: Velu | I27: 25 - Mylapore | K27: =VLOOKUP(L27,'TN Constituency'!P:Q,2,FALSE) -> b3e6de9d-2023-49c1-8579-f087fa71a02a | L27: Mylapore | M27: =VLOOKUP(L27,C:D,2,FALSE) -> T. Velu B.A., L.L.B.
B28: 23 | C28: Andipatti | D28: A. Maharajan | G28: 23 | H28: Aravind Ramesh | I28: 27 - Shozhinganallur | K28: =VLOOKUP(L28,'TN Constituency'!P:Q,2,FALSE) -> bd9d5fa4-c604-4d86-b4a7-e587bdb4deeb | L28: Shozhinganallur | M28: S. Aravind Ramesh
B29: 24 | C29: Thirumangalam | D29: Sedapatti M. Manimaran | G29: 24 | H29: Tha. Mo. Anabarasan | I29: 28 - Alandur | K29: =VLOOKUP(L29,'TN Constituency'!P:Q,2,FALSE) -> ad8f07c3-9b27-47ce-9824-acba45495914 | L29: Alandur | M29: =VLOOKUP(L29,C:D,2,FALSE) -> T.M. Anbarasan
B30: 25 | C30: Thiruparankundram | D30: Krithika Thangapandian B.E. | G30: 25 | H30: Dr. RS. Krithika Devi | I30: 31 - Tambaram | K30: =VLOOKUP(L30,'TN Constituency'!P:Q,2,FALSE) -> 3ce24248-60ae-4e11-b3da-71b847a02cea | L30: Tambaram | M30: =VLOOKUP(L30,C:D,2,FALSE) -> Dr. S.R. Raja B.Sc.
B31: 26 | C31: Madurai West | D31: Raghu Balaji B.A., B.L. | G31: 26 | H31: Karthik Thandapani | I31: 32 - Chengalpattu | K31: =VLOOKUP(L31,'TN Constituency'!P:Q,2,FALSE) -> 835eaf84-e43d-4adc-8394-432342efb994 | L31: Chengalpattu | M31: =VLOOKUP(L31,C:D,2,FALSE) -> M.K.D. Karthik Dhandapani B.A., B.L.
B32: 27 | C32: Madurai Central | D32: Dr. P.T.R. Palanivel Thiagarajan B.Tech., M.S., Ph.D. | G32: 27 | H32: Amulu Ponmalar | I32: 35 - Madurantakam | K32: =VLOOKUP(L32,'TN Constituency'!P:Q,2,FALSE) -> fb842e08-f010-42ab-87cf-26a5ee23d2a5 | L32: Madurantakam | M32: =VLOOKUP(L32,C:D,2,FALSE) -> S. Amulu Ponmalar
B33: 28 | C33: Madurai North | D33: Go. Thalapathi | G33: 28 | H33: Sundar | I33: 36 - Uthiramerur | K33: =VLOOKUP(L33,'TN Constituency'!P:Q,2,FALSE) -> 3c964927-68f7-4aa4-87c1-b126ac7d928c | L33: Uthiramerur | M33: =VLOOKUP(L33,C:D,2,FALSE) -> K. Sundar B.Sc.
B34: 29 | C34: Sholavandan | D34: A. Venkatesan B.A. | G34: 29 | H34: Nithya Sukumar | I34: 37 - Kancheepuram | K34: =VLOOKUP(L34,'TN Constituency'!P:Q,2,FALSE) -> 89f28123-b93f-4db6-9bee-9cd807d47f94 | L34: Kancheepuram | M34: Nithya Sugumar
B35: 30 | C35: Madurai East | D35: P. Moorthy B.A. | G35: 30 | H35: Duraimurugan | I35: 40 - Katpadi | K35: =VLOOKUP(L35,'TN Constituency'!P:Q,2,FALSE) -> 7d3c2063-3254-4d91-87ba-94a938cd420d | L35: Katpadi | M35: =VLOOKUP(L35,C:D,2,FALSE) -> Duraimurugan M.A., B.L.
B36: 31 | C36: Manamadurai | D36: A. Tamilarasi Ravikumar B.Com. | G36: 31 | H36: Vinoth Gandhi | I36: 41 - Ranipet | K36: =VLOOKUP(L36,'TN Constituency'!P:Q,2,FALSE) -> 91bc257e-4e16-4cbe-87e4-bd31f2f58413 | L36: Ranipet | M36: =VLOOKUP(L36,C:D,2,FALSE) -> R. Gandhi
B37: 32 | C37: Tiruppattur | D37: K.R. Periakaruppan B.Com., B.L. | G37: 32 | H37: Eswarappan | I37: 42 - Arcot | K37: =VLOOKUP(L37,'TN Constituency'!P:Q,2,FALSE) -> 69fa24d2-050d-453c-9541-b00de0eddc10 | L37: Arcot | M37: =VLOOKUP(L37,C:D,2,FALSE) -> J.L. Eswarappan B.E.
B38: 33 | C38: Alangudi | D38: Siva. V. Meyyanathan M.C.A. | G38: 33 | H38: Karthikeyan | I38: 43 - Vellore | K38: =VLOOKUP(L38,'TN Constituency'!P:Q,2,FALSE) -> bbd38966-3332-4d40-b099-95809a23a002 | L38: Vellore | M38: =VLOOKUP(L38,C:D,2,FALSE) -> P. Karthikeyan
B39: 34 | C39: Thirumayam | D39: S. Regupathy B.Sc., B.L. | G39: 34 | H39: Nandha Kumar | I39: 44 - Anaikattu | K39: =VLOOKUP(L39,'TN Constituency'!P:Q,2,FALSE) -> ba90a866-2cf6-4c80-8721-b974b597081a | L39: Anaikattu | M39: A.P. Nandakumar M.A.
B40: 35 | C40: Pudukkottai | D40: Dr. Vai. Muthuraja M.B.B.S. | G40: 35 | H40: Dr. Rajeswari Mohan Gandhi | I40: 45 - Kilvaithinankuppam | K40: =VLOOKUP(L40,'TN Constituency'!P:Q,2,FALSE) -> 48e297af-c1e7-4445-81b9-647a05a54b69 | L40: Kilvaithinankuppam | M40: =VLOOKUP(L40,C:D,2,FALSE) -> Dr. Rajeswari Mohankandhi M.B.B.S.
B41: 36 | C41: Viralimalai | D41: K.K. Sellapandian M.Com., B.L. | G41: 36 | H41: Vilvanathan | I41: 48 - Ambur | K41: =VLOOKUP(L41,'TN Constituency'!P:Q,2,FALSE) -> 6f8dcb00-c491-4184-a5f0-16d9308fed04 | L41: Ambur | M41: =VLOOKUP(L41,C:D,2,FALSE) -> A.C. Vilvanathan
B42: 37 | C42: Peravurani | D42: N. Ashokkumar | G42: 37 | H42: Kavitha Thandapani | I42: 49 - Jolarpet | K42: =VLOOKUP(L42,'TN Constituency'!P:Q,2,FALSE) -> b0dc0d96-54ce-470e-85aa-e3ade2870c3f | L42: Jolarpet | M42: =VLOOKUP(L42,C:D,2,FALSE) -> Kavitha Dhandapani B.A.
B43: 38 | C43: Pattukkottai | D43: Ka. Annadurai B.Sc., B.L. | G43: 38 | H43: Nallathambi | I43: 50 - Tirupattur | K43: =VLOOKUP(L43,'TN Constituency'!P:Q,2,FALSE) -> 7afb0c6b-7415-4a37-bc2f-52de9c9fb91c | L43: Tirupattur | M43: =VLOOKUP(L43,C:D,2,FALSE) -> A. Nallathambi
B44: 39 | C44: Orathanadu | D44: R. Vaithilingam B.A. | G44: 39 | H44: Mathiazhagan | I44: 52 - Bargur | K44: =VLOOKUP(L44,'TN Constituency'!P:Q,2,FALSE) -> 0f5cf5d2-58cd-4542-9860-aae1fdc6c410 | L44: Bargur | M44: =VLOOKUP(L44,C:D,2,FALSE) -> De. Mathiazhagan B.Sc., D.F.Tech.
B45: 40 | C45: Thanjavur | D45: Shan. Ramanathan M.B.A. | G45: 40 | H45: PS Srinivasan | I45: 54 - Veppanahalli | K45: =VLOOKUP(L45,'TN Constituency'!P:Q,2,FALSE) -> 134d13f9-c861-404b-8fe3-f8615de87022 | L45: Veppanahalli | M45: =VLOOKUP(L45,C:D,2,FALSE) -> P.S. Srinivasan
B46: 41 | C46: Thiruvaiyaru | D46: Durai. Chandrasekaran B.A., L.L.B. | G46: 41 | H46: Sa Sathya | I46: 55 - Hosur | K46: =VLOOKUP(L46,'TN Constituency'!P:Q,2,FALSE) -> 2fad2f1d-ce06-4476-871b-f6754f4c1578 | L46: Hosur | M46: =VLOOKUP(L46,C:D,2,FALSE) -> S.A. Sathya
B47: 42 | C47: Kumbakonam | D47: Sakkottai Ka. Anbazhagan | G47: 42 | H47: Dr. V Senthil Kumar | I47: 57 - Palacode | K47: =VLOOKUP(L47,'TN Constituency'!P:Q,2,FALSE) -> f7b3e065-44cf-4502-be38-cbfa93088768 | L47: Palacode | M47: =VLOOKUP(L47,C:D,2,FALSE) -> Dr. D.N.V. Senthilkumar M.B.B.S., M.D., R.D.
B48: 43 | C48: Thiruvidaimarudur | D48: Dr. Govi. Chezhian M.A., B.L., Ph.D. | G48: 43 | H48: Palaniappan | I48: 60 - Pappireddippatti | K48: =VLOOKUP(L48,'TN Constituency'!P:Q,2,FALSE) -> 485140d6-e889-49a3-9a20-636095cf0c84 | L48: Pappireddippatti | M48: =VLOOKUP(L48,C:D,2,FALSE) -> Dr. P. Palaniappan M.S.C., Ph.D.
B49: 44 | C49: Thiruvarur | D49: Poondi K. Kalaivanan | G49: 44 | H49: Shamugham | I49: 61 - Harur | K49: =VLOOKUP(L49,'TN Constituency'!P:Q,2,FALSE) -> b316ff97-303e-4085-aadf-afef0859c71b | L49: Harur | M49: =VLOOKUP(L49,C:D,2,FALSE) -> A. Shanmugam B.Sc.
B50: 45 | C50: Mannargudi | D50: Dr. T.R.B. Rajaa Ph.D. | G50: 45 | H50: Giri | I50: 62 - Chengam | K50: =VLOOKUP(L50,'TN Constituency'!P:Q,2,FALSE) -> c78ce47e-2e7c-407f-ab81-9dab38ea9afc | L50: Chengam | M50: =VLOOKUP(L50,C:D,2,FALSE) -> M.P. Giri
B51: 46 | C51: Vedaranyam | D51: Ma.Me. Pugazhendhi | G51: 46 | H51: EV. Velu | I51: 63 - Tiruvannamalai | K51: =VLOOKUP(L51,'TN Constituency'!P:Q,2,FALSE) -> 2fa2af64-ce4f-45b4-ad99-5593a3c00a27 | L51: Tiruvannamalai | M51: =VLOOKUP(L51,C:D,2,FALSE) -> E.V. Velu M.A.
... B61: 56 | C61: Musiri | D61: N.S.N. Karunairaja B.Tech., M.B.A. | G61: 56 | H61: Gowthamasigamani | I61: 76 - Tirukkoyilur | K61: =VLOOKUP(L61,'TN Constituency'!P:Q,2,FALSE) -> 85e6b9e8-0c01-4f46-9868-969d2493a64d | L61: Tirukkoyilur | M61: =VLOOKUP(L61,C:D,2,FALSE) -> Dr. Pon. Gautham Sigamani M.B.B.S., M.S.
B62: 57 | C62: Manachanallur | D62: S. Kathiravan B.E. | G62: 57 | H62: Vasanthavel | I62: 77 - Ulundurpettai | K62: =VLOOKUP(L62,'TN Constituency'!P:Q,2,FALSE) -> e3dd1cb8-e46c-4c71-9dcd-b02c2ab1bd7d | L62: Ulundurpettai | M62: G.R. Vasanthavel B.E.
B63: 58 | C63: Lalgudi | D63: A. Soundarapandian B.A. | G63: 58 | H63: Vasantham Karthikeyan | I63: 78 - Rishivandiyam | K63: =VLOOKUP(L63,'TN Constituency'!P:Q,2,FALSE) -> 9417a184-5784-445a-b39c-3483f11c2c82 | L63: Rishivandiyam | M63: =VLOOKUP(L63,C:D,2,FALSE) -> Vasantham Karthikeyan B.Sc.
B64: 59 | C64: Thiruverumbur | D64: Anbil Mahesh Poyyamozhi M.C.A., Ph.D. | G64: 59 | H64: Udhayasooriyan | I64: 79 - Sankarapuram | K64: =VLOOKUP(L64,'TN Constituency'!P:Q,2,FALSE) -> 28bdfc37-f707-4730-b99e-31623dba31de | L64: Sankarapuram | M64: =VLOOKUP(L64,C:D,2,FALSE) -> Tha. Udhayasuriyan B.Sc.
B65: 60 | C65: Trichy (East) | D65: Dr. Inigo Irudayaraj M.S.W., Ph.D. | G65: 60 | H65: Chinnadurai | I65: 81 - Gangavalli | K65: =VLOOKUP(L65,'TN Constituency'!P:Q,2,FALSE) -> 1408dd2e-83c1-460c-b277-9e25ab1cc26b | L65: Gangavalli | M65: =VLOOKUP(L65,C:D,2,FALSE) -> Gu. Chinnadurai B.E.
B66: 61 | C66: Trichy (West) | D66: K.N. Nehru | G66: 61 | H66: Ravathy Madeswaran | I66: 83 - Yercaud | K66: =VLOOKUP(L66,'TN Constituency'!P:Q,2,FALSE) -> a130686f-286f-4c66-b7e7-009baff7545e | L66: Yercaud | M66: =VLOOKUP(L66,C:D,2,FALSE) -> T.M. Revathi Madheswaran
B67: 62 | C67: Srirangam | D67: S. Palaniandi M.Com., M.Phil. | G67: 62 | H67: Mithun Chakkaravarthy | I67: 85 - Mettur | K67: =VLOOKUP(L67,'TN Constituency'!P:Q,2,FALSE) -> f43834d2-c890-4390-8a13-c2888eea09b5 | L67: Mettur | M67: =VLOOKUP(L67,C:D,2,FALSE) -> Mithun Chakravarthy B.E.
B68: 63 | C68: Kulithalai | D68: Suriyanur A. Chandiran M.A. | G68: 63 | H68: Kasi | I68: 86 - Edappadi | K68: =VLOOKUP(L68,'TN Constituency'!P:Q,2,FALSE) -> d408a702-c8f3-49be-a2bb-7d42d05ecdbc | L68: Edappadi | M68: =VLOOKUP(L68,C:D,2,FALSE) -> Kasi
B69: 64 | C69: Krishnarayapuram | D69: S.K. Raja B.A. | G69: 64 | H69: Manikandan | I69: 87 - Sankari | K69: =VLOOKUP(L69,'TN Constituency'!P:Q,2,FALSE) -> 9c6bc157-9682-4f6e-9137-366ca3179229 | L69: Sankari | M69: =VLOOKUP(L69,C:D,2,FALSE) -> M. Manikandan
B70: 65 | C70: Karur | D70: Asi. M. Thiagarajan | G70: 65 | H70: Rajendran | I70: 89 - Salem (North) | K70: =VLOOKUP(L70,'TN Constituency'!P:Q,2,FALSE) -> 030e67da-25c5-44fb-9985-af97a1991d17 | L70: Salem (North) | M70: =VLOOKUP(L70,C:D,2,FALSE) -> R. Rajendran B.A., B.L.
B71: 66 | C71: Aravakurichi | D71: Monjanur R. Elango B.E. | G71: 66 | H71: M Loganathan | I71: 90 - Salem (South) | K71: =VLOOKUP(L71,'TN Constituency'!P:Q,2,FALSE) -> 790d780d-0545-4ac0-868b-3fd16a231386 | L71: Salem (South) | M71: =VLOOKUP(L71,C:D,2,FALSE) -> M. Loganathan B.Sc.
B72: 67 | C72: Vedasandur | D72: S. Gandhirajan B.Com. | G72: 67 | H72: Dr. Tharun | I72: 91 - Veerapandi | K72: =VLOOKUP(L72,'TN Constituency'!P:Q,2,FALSE) -> a8ea672e-f96b-4ba7-900a-de092c5adcd4 | L72: Veerapandi | M72: =VLOOKUP(L72,C:D,2,FALSE) -> Dr. A.K. Tarun M.B.B.S., M.S., M.B.A.
B73: 68 | C73: Dindigul | D73: I.P. Senthilkumar M.A., B.L. | G73: 68 | H73: Dr. Mathivendhan | I73: 92 - Rasipuram | K73: =VLOOKUP(L73,'TN Constituency'!P:Q,2,FALSE) -> 5e57634f-8259-45df-a3f3-2f91c5b884e6 | L73: Rasipuram | M73: =VLOOKUP(L73,C:D,2,FALSE) -> Dr. M. Mathiventhan M.B.B.S., M.D.
B74: 69 | C74: Nilakottai | D74: Nagajothi B.Com. | G74: 69 | H74: Poomalar | I74: 93 - Senthamangalam | K74: =VLOOKUP(L74,'TN Constituency'!P:Q,2,FALSE) -> 254e98bf-60dd-40b7-9f7d-11dda6cf91e7 | L74: Senthamangalam | M74: P. Poomalar
B75: 70 | C75: Athoor | D75: I. Periyasamy B.A., B.G.L. | G75: 70 | H75: Rani | I75: 94 - Namakkal | K75: =VLOOKUP(L75,'TN Constituency'!P:Q,2,FALSE) -> de5e2b00-ea35-47ea-ac56-4e44c38be2e8 | L75: Namakkal | M75: =VLOOKUP(L75,C:D,2,FALSE) -> P. Rani M.A., L.L.B.
B76: 71 | C76: Oddanchatram | D76: R. Sakkarapani B.A. | G76: 71 | H76: KS Moorthy | I76: 95 - Paramathi-Velur | K76: =VLOOKUP(L76,'TN Constituency'!P:Q,2,FALSE) -> 112a2df8-242d-4a41-866d-6a093627faa0 | L76: Paramathi-Velur | M76: K.S. Moorthy B.Sc.
B77: 72 | C77: Madathukulam | D77: R. Jayaramakrishnan B.Sc., B.L. | G77: 72 | H77: S Balu | I77: 97 - Kumarapalayam | K77: =VLOOKUP(L77,'TN Constituency'!P:Q,2,FALSE) -> 5bd1c9c5-1a0f-4af9-8c14-cd642ad92c25 | L77: Kumarapalayam | M77: S. Balu
B78: 73 | C78: Udumalpet | D78: K. Radhakrishnan B.Sc., M.A. | G78: 73 | H78: Muthusamy | I78: 99 - Erode (West) | K78: =VLOOKUP(L78,'TN Constituency'!P:Q,2,FALSE) -> 3a17227d-9feb-4a4c-846b-2ebd9aa172e0 | L78: Erode (West) | M78: =VLOOKUP(L78,C:D,2,FALSE) -> S. Muthusamy M.A.
B79: 74 | C79: Valparai | D79: A. Sudhakar B.Com. | G79: 74 | H79: Indirani | I79: 101 - Dharapuram (SC) | K79: =VLOOKUP(L79,'TN Constituency'!P:Q,2,FALSE) -> fa9c0257-3e31-49db-a50c-7b979887595b | L79: Dharapuram | M79: Dr. Indirani M.B.B.S., D.C.H.
B80: 75 | C80: Kinathukadavu | D80: K.V.K.S. Sabari Karthikeyan B.A. | G80: 75 | H80: Samynathan | I80: 102 - Kangayam | K80: =VLOOKUP(L80,'TN Constituency'!P:Q,2,FALSE) -> 4753f059-8344-42b9-9891-5a0ff2b43704 | L80: Kangayam | M80: =VLOOKUP(L80,C:D,2,FALSE) -> Mu.Pe. Saminathan B.A.
B81: 76 | C81: Coimbatore (South) | D81: V. Senthil Balaji B.Com. | G81: 76 | H81: Thoppu Venkatachalam | I81: 103 - Perundurai | K81: =VLOOKUP(L81,'TN Constituency'!P:Q,2,FALSE) -> 2d0fd9bd-d810-4550-9b66-b6a9850e795f | L81: Perundurai | M81: =VLOOKUP(L81,C:D,2,FALSE) -> Thoppu N.D. Venkatachalam B.A.
B82: 77 | C82: Thondamuthur | D82: N.R. Karthikeyan B.A. | G82: 77 | H82: KA Sekar | I82: 104 - Bhavani | K82: =VLOOKUP(L82,'TN Constituency'!P:Q,2,FALSE) -> 06b2c95c-e215-4912-8d00-bc09ea3fda45 | L82: Bhavani | M82: =VLOOKUP(L82,C:D,2,FALSE) -> K.A. Sekar (a) K.A. Chandrasekar M.A.
B83: 78 | C83: Coimbatore (North) | D83: Senthamizhselvan B.Tech. | G83: 78 | H83: Sivabalan | I83: 105 - Anthiyur | K83: =VLOOKUP(L83,'TN Constituency'!P:Q,2,FALSE) -> 589cd307-7405-4cc3-b8b0-a08530402c7b | L83: Anthiyur | M83: =VLOOKUP(L83,C:D,2,FALSE) -> M. Sivabalan B.Com.
B84: 79 | C84: Sulur | D84: Thalapathi Murugesan M.A. | G84: 79 | H84: N Nallasivam | I84: 106 - Gobichettipalayam | K84: =VLOOKUP(L84,'TN Constituency'!P:Q,2,FALSE) -> c292c31d-1fcf-415a-9722-c406181a076d | L84: Gobichettipalayam | M84: =VLOOKUP(L84,C:D,2,FALSE) -> N. Nallasivam D.M.E.
B85: 80 | C85: Palladam | D85: K. Selvaraj | G85: 80 | H85: Dravida Mani | I85: 109 - Gudalur | K85: =VLOOKUP(L85,'TN Constituency'!P:Q,2,FALSE) -> 5820f08f-f13a-4891-9337-5e0cf4569e58 | L85: Gudalur | M85: =VLOOKUP(L85,C:D,2,FALSE) -> Mu. Dravidamani M.A., B.L.
B86: 81 | C86: Tiruppur (South) | D86: K. Dineshkumar M.I.B. | G86: 81 | H86: KM Raju | I86: 110 - Coonoor | K86: =VLOOKUP(L86,'TN Constituency'!P:Q,2,FALSE) -> dcfe5833-5992-49aa-9a46-a65eba0fc0cc | L86: Coonoor | M86: =VLOOKUP(L86,C:D,2,FALSE) -> K.M. Raju B.Com.
B87: 82 | C87: Avinashi | D87: Dr. Kokila Mani M.B.B.S. | G87: 82 | H87: Kavitha Kalyanasundaram | I87: 111 - Mettuppalayam | K87: =VLOOKUP(L87,'TN Constituency'!P:Q,2,FALSE) -> acfe9e83-88ce-4f2b-a4d3-40622d33ecc2 | L87: Mettuppalayam | M87: Kavitha Kalyanachundaram M.Com.
B88: 83 | C88: Mettupalayam | D88: Kavitha Kalyanachundaram M.Com. | G88: 83 | H88: Dr. Kokila Mani | I88: 112 - Avanashi (SC) | K88: =VLOOKUP(L88,'TN Constituency'!P:Q,2,FALSE) -> f62de6b6-88e3-4238-a22e-ae95a4501718 | L88: Avanashi | M88: Dr. Kokila Mani M.B.B.S.
B89: 84 | C89: Coonoor | D89: K.M. Raju B.Com. | G89: 84 | H89: Dinesh Kumar | I89: 114 - Tiruppur (South) | K89: =VLOOKUP(L89,'TN Constituency'!P:Q,2,FALSE) -> a1e4a52b-bf7d-48dc-a7c8-64ba133a2da4 | L89: Tiruppur (South) | M89: =VLOOKUP(L89,C:D,2,FALSE) -> K. Dineshkumar M.I.B.
B90: 85 | C90: Gudalur | D90: Mu. Dravidamani M.A., B.L. | G90: 85 | H90: Selvaraj | I90: 115 - Palladam | K90: =VLOOKUP(L90,'TN Constituency'!P:Q,2,FALSE) -> 6861a712-fd16-44b3-8f2c-3a30b90bb31a | L90: Palladam | M90: =VLOOKUP(L90,C:D,2,FALSE) -> K. Selvaraj
B91: 86 | C91: Gobichettipalayam | D91: N. Nallasivam D.M.E. | G91: 86 | H91: Thalapathi Murugesan | I91: 116 - Sulur | K91: =VLOOKUP(L91,'TN Constituency'!P:Q,2,FALSE) -> 5fbb885e-29fb-464b-b482-6519154dfcfc | L91: Sulur | M91: =VLOOKUP(L91,C:D,2,FALSE) -> Thalapathi Murugesan M.A.
B92: 87 | C92: Anthiyur | D92: M. Sivabalan B.Com. | G92: 87 | H92: Senthamil Selvan | I92: 118 - Coimbatore (North) | K92: =VLOOKUP(L92,'TN Constituency'!P:Q,2,FALSE) -> 4eb64a68-0a3a-4e72-8e80-bd74ed85e060 | L92: Coimbatore (North) | M92: =VLOOKUP(L92,C:D,2,FALSE) -> Senthamizhselvan B.Tech.
B93: 88 | C93: Bhavani | D93: K.A. Sekar (a) K.A. Chandrasekar M.A. | G93: 88 | H93: NR Karthikeyan | I93: 119 - Thondamuthur | K93: =VLOOKUP(L93,'TN Constituency'!P:Q,2,FALSE) -> 34e0c233-c7b8-4f39-bc07-ccc6a4f7b65e | L93: Thondamuthur | M93: =VLOOKUP(L93,C:D,2,FALSE) -> N.R. Karthikeyan B.A.
B94: 89 | C94: Perundurai | D94: Thoppu N.D. Venkatachalam B.A. | G94: 89 | H94: Senthil Balaji | I94: 120 - Coimbatore (South) | K94: =VLOOKUP(L94,'TN Constituency'!P:Q,2,FALSE) -> e55495a6-ef03-4b84-87eb-ebbdc2892372 | L94: Coimbatore (South) | M94: =VLOOKUP(L94,C:D,2,FALSE) -> V. Senthil Balaji B.Com.
B95: 90 | C95: Kangayam | D95: Mu.Pe. Saminathan B.A. | G95: 90 | H95: Sabari Karthikeyan | I95: 122 - Kinathukadavu | K95: =VLOOKUP(L95,'TN Constituency'!P:Q,2,FALSE) -> 207f523d-5416-4b71-a91c-097bdfdcc999 | L95: Kinathukadavu | M95: =VLOOKUP(L95,C:D,2,FALSE) -> K.V.K.S. Sabari Karthikeyan B.A.
B96: 91 | C96: Dharapuram | D96: Dr. Indirani M.B.B.S., D.C.H. | G96: 91 | H96: Sudhakar | I96: 124 - Valparai | K96: =VLOOKUP(L96,'TN Constituency'!P:Q,2,FALSE) -> de32b87a-82b7-4535-be27-d33e0dba47aa | L96: Valparai | M96: =VLOOKUP(L96,C:D,2,FALSE) -> A. Sudhakar B.Com.
B97: 92 | C97: Erode (West) | D97: S. Muthusamy M.A. | G97: 92 | H97: Jayakumar | I97: 125 - Udumalaipettai | K97: =VLOOKUP(L97,'TN Constituency'!P:Q,2,FALSE) -> 444f7dc5-ed5f-4888-a3ea-74f1043b55bc | L97: Udumalaipettai | M97: K. Radhakrishnan B.Sc., M.A.
B98: 93 | C98: Komarapalayam | D98: S. Balu | G98: 93 | H98: Jayaramakrishnan | I98: 126 - Madathukulam | K98: =VLOOKUP(L98,'TN Constituency'!P:Q,2,FALSE) -> b0ba5386-4152-4838-892f-be64e53a1f0a | L98: Madathukulam | M98: =VLOOKUP(L98,C:D,2,FALSE) -> R. Jayaramakrishnan B.Sc., B.L.
B99: 94 | C99: Paramathi Velur | D99: K.S. Moorthy B.Sc. | G99: 94 | H99: Chakkarapani | I99: 128 - Oddanchatram | K99: =VLOOKUP(L99,'TN Constituency'!P:Q,2,FALSE) -> c195167e-8489-4897-bb80-4d1cd317d17e | L99: Oddanchatram | M99: =VLOOKUP(L99,C:D,2,FALSE) -> R. Sakkarapani B.A.
B100: 95 | C100: Namakkal | D100: P. Rani M.A., L.L.B. | G100: 95 | H100: I Periyasamy | I100: 129 - Athoor | K100: =VLOOKUP(L100,'TN Constituency'!P:Q,2,FALSE) -> 43bd7ed1-1024-4e1d-ab21-f4b7e330d74e | L100: Athoor | M100: =VLOOKUP(L100,C:D,2,FALSE) -> I. Periyasamy B.A., B.G.L.
B101: 96 | C101: Sendamangalam (ST) | D101: P. Poomalar | G101: 96 | H101: Naga Jothi | I101: 130 - Nilakkottai | K101: =VLOOKUP(L101,'TN Constituency'!P:Q,2,FALSE) -> 383da821-17af-493d-937f-68d79a01c48f | L101: Nilakkottai | M101: Nagajothi B.Com.
B102: 97 | C102: Rasipuram | D102: Dr. M. Mathiventhan M.B.B.S., M.D. | G102: 97 | H102: IP Senthil Kumar | I102: 132 - Dindigul | K102: =VLOOKUP(L102,'TN Constituency'!P:Q,2,FALSE) -> 1b37722d-13a6-4ab0-95c1-bcd69378af2a | L102: Dindigul | M102: =VLOOKUP(L102,C:D,2,FALSE) -> I.P. Senthilkumar M.A., B.L.
B103: 98 | C103: Veerapandi | D103: Dr. A.K. Tarun M.B.B.S., M.S., M.B.A. | G103: 98 | H103: Samynathan | I103: 133 - Vedasandur | K103: =VLOOKUP(L103,'TN Constituency'!P:Q,2,FALSE) -> bc953ba5-be1c-44d4-86be-c942c823b8c6 | L103: Vedasandur | M103: =VLOOKUP(L103,C:D,2,FALSE) -> S. Gandhirajan B.Com.
B104: 99 | C104: Salem (South) | D104: M. Loganathan B.Sc. | G104: 99 | H104: R Ilango | I104: 134 - Aravakurichi | K104: =VLOOKUP(L104,'TN Constituency'!P:Q,2,FALSE) -> 2b9a991e-cff7-42c9-a986-03898f3e8f8e | L104: Aravakurichi | M104: =VLOOKUP(L104,C:D,2,FALSE) -> Monjanur R. Elango B.E.
B105: 100 | C105: Salem (North) | D105: R. Rajendran B.A., B.L. | G105: 100 | H105: Thiyagarajan | I105: 135 - Karur | K105: =VLOOKUP(L105,'TN Constituency'!P:Q,2,FALSE) -> ab8b089c-af20-46f8-bc2c-5c277518e757 | L105: Karur | M105: =VLOOKUP(L105,C:D,2,FALSE) -> Asi. M. Thiagarajan
B106: 101 | C106: Sankari | D106: M. Manikandan | G106: 101 | H106: CK Raja | I106: 136 - Krishnarayapuram | K106: =VLOOKUP(L106,'TN Constituency'!P:Q,2,FALSE) -> 44f818b8-851f-41f7-83de-f03680cb22a9 | L106: Krishnarayapuram | M106: =VLOOKUP(L106,C:D,2,FALSE) -> S.K. Raja B.A.
B107: 102 | C107: Edappadi | D107: Kasi | G107: 102 | H107: Chandran | I107: 137 - Kulithalai | K107: =VLOOKUP(L107,'TN Constituency'!P:Q,2,FALSE) -> 91d4c2be-72ce-4604-a53b-22a6267db2a9 | L107: Kulithalai | M107: =VLOOKUP(L107,C:D,2,FALSE) -> Suriyanur A. Chandiran M.A.
B108: 103 | C108: Mettur | D108: Mithun Chakravarthy B.E. | G108: 103 | H108: Durairaj | I108: 139 - Srirangam | K108: =VLOOKUP(L108,'TN Constituency'!P:Q,2,FALSE) -> da459282-a521-4bb9-8d4b-071fb7ac747a | L108: Srirangam | M108: =VLOOKUP(L108,C:D,2,FALSE) -> S. Palaniandi M.Com., M.Phil.
B109: 104 | C109: Yercaud | D109: T.M. Revathi Madheswaran | G109: 104 | H109: KN Nehru | I109: 140 - Tiruchirappalli (West) | K109: =VLOOKUP(L109,'TN Constituency'!P:Q,2,FALSE) -> 219cefbf-b41b-49b6-be17-43f4ad426552 | L109: Tiruchirappalli (West) | M109: Dr. Inigo Irudayaraj M.S.W., Ph.D.
B110: 105 | C110: Gangavalli | D110: Gu. Chinnadurai B.E. | G110: 105 | H110: Inigo Irudhayaraj | I110: 141 - Tiruchirappalli (East) | K110: =VLOOKUP(L110,'TN Constituency'!P:Q,2,FALSE) -> b55eedce-216f-4dd7-b2d1-c2c3b5fb0257 | L110: Tiruchirappalli (East) | M110: K.N. Nehru
...

Sheet TVK
A1: TVK
B2: 544e531f-e2ac-4274-9305-c35164c1bd93
C4: Assembly Number | D4: Assembly Name | E4: Candidate Name | G4: S.No | H4: Constituency No. & Name | I4: Candidate Name (Designation)
C5: =VLOOKUP(D5,'TN Constituency'!P:Q,2,FALSE) -> b23bc17c-3c90-42e5-acda-75cbd383845e | D5: Gummidipoondi | E5: S. Vijayakumar | G5: 1 | H5: 12. Perambur | I5: Thiru. C. Joseph Vijay (Party President)
C6: =VLOOKUP(D6,'TN Constituency'!P:Q,2,FALSE) -> 3a716a0f-b4b9-457f-a3a1-a66c6888fe7a | D6: Ponneri | E6: Dr. M S Ravi | G6: 2 | H6: 141. Trichy East | I6: Thiru. C. Joseph Vijay (Party President)
C7: =VLOOKUP(D7,'TN Constituency'!P:Q,2,FALSE) -> e0a00a3b-90f6-4696-9e59-caa742168983 | D7: Tiruttani | E7: Dr. Sathyakumar | G7: 3 | H7: 24. T. Nagar | I7: Thiru. N. Anand Ex. MLA (Gen. Secretary)
C8: =VLOOKUP(D8,'TN Constituency'!P:Q,2,FALSE) -> 008aedf6-4a9d-4269-a7ad-63b7e8d8eaa5 | D8: Thiruvallur | E8: Dr. Arunkumar | G8: 4 | H8: 25. Mylapore | I8: Thiru. P. Venkataramanan (Treasurer)
C9: =VLOOKUP(D9,'TN Constituency'!P:Q,2,FALSE) -> 17586e3c-1487-43c6-81b0-e3cabe59fa92 | D9: Poonamallee | E9: R. Prakasam | G9: 5 | H9: 106. Gobichettipalayam | I9: Thiru. K.A. Sengottaiyan (Admin Committee)
C10: =VLOOKUP(D10,'TN Constituency'!P:Q,2,FALSE) -> 4987680d-e88c-4439-a3ae-1a536e586453 | D10: Avadi | E10: R. Rameshkumar | G10: 6 | H10: 14. Villivakkam | I10: Thiru. Adhav Arjuna (Gen. Secretary)
C11: =VLOOKUP(D11,'TN Constituency'!P:Q,2,FALSE) -> b5f82308-ca4e-41c1-9499-e932b5b6705d | D11: Maduravoyal | E11: P. Revanth Saran | G11: 7 | H11: 96. Tiruchengode | I11: Thiru. Dr. K.G. Arunkumar (Gen. Secretary)
C12: =VLOOKUP(D12,'TN Constituency'!P:Q,2,FALSE) -> bcfb125e-6b85-4f11-a08f-902adff330bf | D12: Ambattur | E12: G. Balamurugan | G12: 8 | H12: 195. Thiruparankundram | I12: Thiru. CTR Nirmal Kumar (Jt. Secretary)
C13: =VLOOKUP(D13,'TN Constituency'!P:Q,2,FALSE) -> 52619af0-424d-4172-9451-f329734d5a34 | D13: Madavaram | E13: M. L. Vijay Prabhu | G13: 9 | H13: 97. Kumarapalayam | I13: Thirumathi C. Vijayalakshmi (Dy. Gen. Secretary)
C14: =VLOOKUP(D14,'TN Constituency'!P:Q,2,FALSE) -> 7ab4491b-648d-48c5-bcac-781f3095e9b3 | D14: Thiruvottiyur | E14: Senthilkumar | G14: 10 | H14: 151. Tittakudi (SC) | I14: Thiru. A. Rajasekar (HQ Secretary)
C15: =VLOOKUP(D15,'TN Constituency'!P:Q,2,FALSE) -> 499ff327-af5f-4703-8e77-8a22e71fb2c3 | D15: Dr.Radhakrishnan Nagar | E15: Maria Wilson | G15: 11 | H15: 23. Saidapet | I15: Thiru. M. Arul Prakasam (Dy. Gen. Secretary)
C16: =VLOOKUP(D16,'TN Constituency'!P:Q,2,FALSE) -> 144532f7-7933-491e-8f75-8444036f8e76 | D16: Perambur | E16: C Joseph Vijay | G16: 12 | H16: 124. Valparai (SC) | I16: Thiru. Dr. A. Sridharan (Dy. Gen. Secretary)
... C238: =VLOOKUP(D238,'TN Constituency'!P:Q,2,FALSE) -> 227183fd-4356-4815-9f2b-51ccced152c5 | D238: Killiyoor | E238: S.Sabeer | G238: 234 | H238: 234. Killiyoor | I238: Thiru. S. Sivin (Dist. Secretary)

Sheet NTK
A1: NTK
B2: 4c3fc4aa-28bd-4385-a231-cbd9914b99db
C4: Sl No. | D4: Candidate name | E4: Constituency name | I4: Candidate Name | J4: Assembly Constituency
C5: =VLOOKUP(E5,'TN Constituency'!P:Q,2,FALSE) -> b23bc17c-3c90-42e5-acda-75cbd383845e | D5: Sridhar | E5: Gummidipoondi | G5: 1 | I5: R. Sridhar | J5: Gummidipoondi
C6: =VLOOKUP(E6,'TN Constituency'!P:Q,2,FALSE) -> 3a716a0f-b4b9-457f-a3a1-a66c6888fe7a | D6: Rajathi | E6: Ponneri | G6: 2 | I6: Rajathi | J6: Ponneri
C7: =VLOOKUP(E7,'TN Constituency'!P:Q,2,FALSE) -> e0a00a3b-90f6-4696-9e59-caa742168983 | D7: Chandran | E7: Tiruttani | G7: 3 | I7: S.S.Chandran | J7: Tiruttani
C8: =VLOOKUP(E8,'TN Constituency'!P:Q,2,FALSE) -> 008aedf6-4a9d-4269-a7ad-63b7e8d8eaa5 | D8: Senthil Kumar | E8: Thiruvallur | G8: 4 | I8: K.Senthil Kumar | J8: Thiruvallur (Tiruvallur)
C9: =VLOOKUP(E9,'TN Constituency'!P:Q,2,FALSE) -> 17586e3c-1487-43c6-81b0-e3cabe59fa92 | D9: Mehala | E9: Poonamallee | G9: 5 | I9: Mehala | J9: Poonamallee
C10: =VLOOKUP(E10,'TN Constituency'!P:Q,2,FALSE) -> 4987680d-e88c-4439-a3ae-1a536e586453 | D10: Punitha | E10: Avadi | G10: 6 | I10: Punitha | J10: Avadi
C11: =VLOOKUP(E11,'TN Constituency'!P:Q,2,FALSE) -> b5f82308-ca4e-41c1-9499-e932b5b6705d | D11: Revathi | E11: Maduravoyal | G11: 7 | I11: Revathi | J11: Maduravoyal
C12: =VLOOKUP(E12,'TN Constituency'!P:Q,2,FALSE) -> bcfb125e-6b85-4f11-a08f-902adff330bf | D12: Aadhithan | E12: Ambattur | G12: 8 | I12: Aadhithan | J12: Ambattur
C13: =VLOOKUP(E13,'TN Constituency'!P:Q,2,FALSE) -> 52619af0-424d-4172-9451-f329734d5a34 | D13: Kruthika Elumalai | E13: Madavaram | G13: 9 | I13: Kruthika Elumalai | J13: Madavaram
C14: =VLOOKUP(E14,'TN Constituency'!P:Q,2,FALSE) -> 7ab4491b-648d-48c5-bcac-781f3095e9b3 | D14: Sathya Baskar | E14: Thiruvottiyur | G14: 10 | I14: Sathya Baskar | J14: Thiruvottiyur
C15: =VLOOKUP(E15,'TN Constituency'!P:Q,2,FALSE) -> 499ff327-af5f-4703-8e77-8a22e71fb2c3 | D15: Vennila Thayumanavan | E15: Dr.Radhakrishnan Nagar | G15: 11 | I15: Vennila Thayumanavan | J15: Dr.Radhakrishnan Nagar
C16: =VLOOKUP(E16,'TN Constituency'!P:Q,2,FALSE) -> 144532f7-7933-491e-8f75-8444036f8e76 | D16: Vetrithamizhan | E16: Perambur | G16: 12 | I16: Vetrithamizhan | J16: Perambur
... C238: =VLOOKUP(E238,'TN Constituency'!P:Q,2,FALSE) -> 227183fd-4356-4815-9f2b-51ccced152c5 | D238: Himler | E238: Killiyoor | G238: 234 | I238: Himler | J238: Killiyoor

Sheet AMMK
B2: 46968f74-1159-4d42-9af6-5222e27a8dc5
B15: Sl No. | C15: Candidate name | D15: Constituency name
B16: =VLOOKUP(D16,'TN Constituency'!P:Q,2,FALSE) -> 17586e3c-1487-43c6-81b0-e3cabe59fa92 | C16: Ezhumalai | D16: Poonamallee | F16: 5 | H16: - | J16: Poonamallee
B17: =VLOOKUP(D17,'TN Constituency'!P:Q,2,FALSE) -> acfcb782-eb05-4125-84fc-293fdd46247d | C17: Senthamizhan | D17: Saidapet | F17: 23 | H17: - | J17: Saidapet
B18: =VLOOKUP(D18,'TN Constituency'!P:Q,2,FALSE) -> 7afb0c6b-7415-4a37-bc2f-52de9c9fb91c | C18: Ganasekaran | D18: Tirupattur | F18: 50 | H18: - | J18: Tirupattur
B19: =VLOOKUP(D19,'TN Constituency'!P:Q,2,FALSE) -> b0ba5386-4152-4838-892f-be64e53a1f0a | C19: Shanmugavelu | D19: Madathukulam | F19: 126 | H19: - | J19: Madathukulam
B20: =VLOOKUP(D20,'TN Constituency'!P:Q,2,FALSE) -> 219cefbf-b41b-49b6-be17-43f4ad426552 | C20: Thottiyan Rajasekaran | D20: Tiruchirappalli (West) | F20: 140 | H20: - | J20: Tiruchirappalli (West)
B21: =VLOOKUP(D21,'TN Constituency'!P:Q,2,FALSE) -> 12728561-9a40-4380-b91a-4eddcd1d2b38 | C21: S. Kamaraj | D21: Mannargudi | F21: 167 | H21: - | J21: Mannargudi
B22: =VLOOKUP(D22,'TN Constituency'!P:Q,2,FALSE) -> b6a169ac-5ac7-41ae-b65d-e2fa74df02a4 | C22: Velu Karthikeyan | D22: Thiruvaiyaru | F22: 173 | H22: - | J22: Thiruvaiyaru
B23: =VLOOKUP(D23,'TN Constituency'!P:Q,2,FALSE) -> 8f61f1bb-b1a5-4250-99be-50eaae7fabc4 | C23: Therpogi Pandi | D23: Karaikudi | F23: 184 | H23: - | J23: Karaikudi
B24: =VLOOKUP(D24,'TN Constituency'!P:Q,2,FALSE) -> 4686158a-85b8-4b25-b9e3-c0883bd0d13b | C24: Dr Kathirkamu | D24: Periyakulam | F24: 199 | H24: - | J24: Periyakulam
B25: =VLOOKUP(D25,'TN Constituency'!P:Q,2,FALSE) -> 8804e2ab-34a0-48b5-82e7-0ec4bb78f6e1 | C25: Sundararajan | D25: Ottapidaram | F25: 217 | H25: - | J25: Ottapidaram
B26: =VLOOKUP(D26,'TN Constituency'!P:Q,2,FALSE) -> 7c86579b-3006-411c-a709-caccd559f8eb | C26: Esakki Muthu | D26: Nanguneri | F26: 227 | H26: - | J26: Nanguneri

Sheet INC
B2: 9c6d7c03-3a48-4c3f-a0be-56d7135a5d52 | D2: Sl No. | E2: Candidate name | F2: Constituency name
D3: =VLOOKUP(F3,'TN Constituency'!P:Q,2,FALSE) -> 3a716a0f-b4b9-457f-a3a1-a66c6888fe7a | E3: Durai Chandrasekar | F3: Ponneri | H3: 2 | J3: - | L3: Ponneri
D4: =VLOOKUP(F4,'TN Constituency'!P:Q,2,FALSE) -> c33c5b03-58f9-4026-a61c-d51446248685 | E4: JMH Aassan Maulaana | F4: Velachery | H4: 26 | J4: - | L4: Velachery
D5: =VLOOKUP(F5,'TN Constituency'!P:Q,2,FALSE) -> c6a5fdc0-2b60-4dd6-8dc5-4bfe43d62eb8 | E5: Selvaperunthagai | F5: Sriperumbudur | H5: 29 | J5: - | L5: Sriperumbudur
D6: =VLOOKUP(F6,'TN Constituency'!P:Q,2,FALSE) -> b4afca63-3c36-494b-8f7a-308c74d24ef3 | E6: AM Munirathnam | F6: Sholingur | H6: 39 | J6: - | L6: Sholingur
D7: =VLOOKUP(F7,'TN Constituency'!P:Q,2,FALSE) -> 4d245889-7db0-4c0c-9c75-8faa7ee90ad8 | E7: R. Kuppu Samy | F7: Uthangarai | H7: 51 | J7: - | L7: Uthangarai
D8: =VLOOKUP(F8,'TN Constituency'!P:Q,2,FALSE) -> c29ae31c-868f-49d4-a9b3-cabbdf64b64b | E8: A. Chella Kumar | F8: Krishnagiri | H8: 53 | J8: - | L8: Krishnagiri
D9: =VLOOKUP(F9,'TN Constituency'!P:Q,2,FALSE) -> d6c06308-5b86-46df-8956-4f558d116b3f | E9: GKM Tamil Kumaran | F9: Pennagaram | H9: 58 | J9: - | L9: Pennagaram
D10: =VLOOKUP(F10,'TN Constituency'!P:Q,2,FALSE) -> 85b0bd77-4905-4c4e-8cee-e0da6b715825 | E10: SK Arthanari | F10: Attur | H10: 82 | J10: - | L10: Attur
D11: =VLOOKUP(F11,'TN Constituency'!P:Q,2,FALSE) -> e9bd3072-f627-4a14-9ade-769c9cdbdc8f | E11: Gopinath Planiyappan | F11: Erode (East) | H11: 98 | J11: - | L11: Erode (East)
D12: =VLOOKUP(F12,'TN Constituency'!P:Q,2,FALSE) -> 16763ecc-2564-4bca-a9e9-5bff8d701a06 | E12: B.Ramachandran | F12: Udhagamandalam | H12: 108 | J12: - | L12: Udhagamandalam
D13: =VLOOKUP(F13,'TN Constituency'!P:Q,2,FALSE) -> 23960e10-1f55-431c-8fac-52d86db014fb | E13: kP Surya Prakash | F13: Kavundampalayam | H13: 117 | J13: - | L13: Kavundampalayam
D14: =VLOOKUP(F14,'TN Constituency'!P:Q,2,FALSE) -> 8c3f155d-980c-4377-88ff-c267523606cc | E14: V. Shrinithi Naidu | F14: Singanallur | H14: 121 | J14: - | L14: Singanallur
... D30: =VLOOKUP(F30,'TN Constituency'!P:Q,2,FALSE) -> 227183fd-4356-4815-9f2b-51ccced152c5 | E30: S. Rajesh Kumar | F30: Killiyoor | H30: 234 | J30: - | L30: Killiyoor

Sheet BJP
B2: 8429928e-a9ab-4bfe-b836-b59444036688
C3: Sl No. | D3: Candidate name | E3: Constituency name
C4: =VLOOKUP(E4,'TN Constituency'!P:Q,2,FALSE) -> 4987680d-e88c-4439-a3ae-1a536e586453 | D4: M. Rajasimha Mahendra | E4: Avadi | G4: 6 | I4: - | K4: Avadi
C5: =VLOOKUP(E5,'TN Constituency'!P:Q,2,FALSE) -> b3e6de9d-2023-49c1-8579-f087fa71a02a | D5: Dr. Tamilisai Soundarrajan | E5: Mylapore | G5: 25 | I5: - | K5: Mylapore
C6: =VLOOKUP(E6,'TN Constituency'!P:Q,2,FALSE) -> 5914df7d-f2fa-4fd0-bd22-a322456fd00a | D6: Dr. Nagesh Kumar | E6: Thalli | G6: 56 | I6: - | K6: Thalli
C7: =VLOOKUP(E7,'TN Constituency'!P:Q,2,FALSE) -> 2fa2af64-ce4f-45b4-ad99-5593a3c00a27 | D7: C. Elumalai | E7: Tiruvannamalai | G7: 63 | I7: - | K7: Tiruvannamalai
C8: =VLOOKUP(E8,'TN Constituency'!P:Q,2,FALSE) -> 5e57634f-8259-45df-a3f3-2f91c5b884e6 | D8: Dr. S. D. Premkumar | E8: Rasipuram | G8: 92 | I8: - | K8: Rasipuram
C9: =VLOOKUP(E9,'TN Constituency'!P:Q,2,FALSE) -> ed801607-de07-48d1-b18d-51c1acb399f6 | D9: Kirthika Shivkumar | E9: Modakkurichi | G9: 100 | I9: - | K9: Modakkurichi
C10: =VLOOKUP(E10,'TN Constituency'!P:Q,2,FALSE) -> 16763ecc-2564-4bca-a9e9-5bff8d701a06 | D10: Bhojarajan | E10: Udhagamandalam | G10: 108 | I10: - | K10: Udhagamandalam
C11: =VLOOKUP(E11,'TN Constituency'!P:Q,2,FALSE) -> f62de6b6-88e3-4238-a22e-ae95a4501718 | D11: Dr. L. Murugan | E11: Avanashi | G11: 112 | I11: - | K11: Avanashi (SC)
C12: =VLOOKUP(E12,'TN Constituency'!P:Q,2,FALSE) -> a1e4a52b-bf7d-48dc-a7c8-64ba133a2da4 | D12: S. Thangaraj | E12: Tiruppur (South) | G12: 114 | I12: - | K12: Tiruppur (South)
C13: =VLOOKUP(E13,'TN Constituency'!P:Q,2,FALSE) -> 4eb64a68-0a3a-4e72-8e80-bd74ed85e060 | D13: Vanathi Srinivasan | E13: Coimbatore (North) | G13: 118 | I13: - | K13: Coimbatore (North)
C14: =VLOOKUP(E14,'TN Constituency'!P:Q,2,FALSE) -> 09d0fb51-e29e-4dd7-af2b-2cd4c9b76e1c | D14: Govi Chandru | E14: Thiruvarur | G14: 168 | I14: - | K14: Thiruvarur
C15: =VLOOKUP(E15,'TN Constituency'!P:Q,2,FALSE) -> 9d0af417-8e52-47cd-b156-0817edf94444 | D15: M. Muruganandam | E15: Thanjavur | G15: 174 | I15: - | K15: Thanjavur
... C30: =VLOOKUP(E30,'TN Constituency'!P:Q,2,FALSE) -> 7aefb83a-d544-4df0-9f13-3ddeaa717c5e | D30: S. Vijayadharani | E30: Vilavancode | G30: 233 | I30: - | K30: Vilavancode
C34: Assembly No. | D34: Assembly Name | E34: Name of the Candidate
C35: 6 | D35: Avadi | E35: Shri M. Rajasimha Mahindra (M. Ashwiinkumar)
C36: 25 | D36: Mylapore | E36: Smt. (Dr.) Tamilisai Soundararajan
C37: 56 | D37: Thalli | E37: Dr. Nagesh Kumar
C38: 63 | D38: Tiruvannamalai | E38: Shri C. Elumalai
C39: 92 | D39: Rasipuram (SC) | E39: Dr. S.D. Premkumar
C40: 100 | D40: Modakkurichi | E40: Smt. Kirthika Shivkumar
C41: 108 | D41: Udhagamandalam | E41: Shri Bhojarajan
C42: 112 | D42: Avanashi (SC) | E42: Dr. L. Murugan
C43: 114 | D43: Tiruppur (South) | E43: Shri S. Thangaraj
C44: 118 | D44: Coimbatore (North) | E44: Smt. Vanathi Srinivasan
C45: 168 | D45: Thiruvarur | E45: Shri Govi Chandru
C46: 174 | D46: Thanjavur | E46: Shri M. Muruganandam
... C61: 233 | D61: Vilavancode | E61: Smt. S. Vijayadharini

Sheet PMK
B2: 55070de8-3d03-4dcb-98bc-d2ab0d67bf6a
C3: Sl No. | D3: Candidate name | E3: Constituency name
C4: =VLOOKUP(E4,'TN Constituency'!P:Q,2,FALSE) -> bcfb125e-6b85-4f11-a08f-902adff330bf | D4: Sekar | E4: Ambattur | G4: 8 | I4: - | K4: Ambattur
C5: =VLOOKUP(E5,'TN Constituency'!P:Q,2,FALSE) -> 144532f7-7933-491e-8f75-8444036f8e76 | D5: Thilagabama | E5: Perambur | G5: 12 | I5: - | K5: Perambur
C6: =VLOOKUP(E6,'TN Constituency'!P:Q,2,FALSE) -> 8bf639a7-bca3-42f8-928c-d466c5679fd8 | D6: K. Balu | E6: Thiruporur | G6: 33 | I6: - | K6: Thiruporur
C7: =VLOOKUP(E7,'TN Constituency'!P:Q,2,FALSE) -> 3c964927-68f7-4aa4-87c1-b126ac7d928c | D7: P. Mahesh Kumar | E7: Uthiramerur | G7: 36 | I7: - | K7: Uthiramerur
C8: =VLOOKUP(E8,'TN Constituency'!P:Q,2,FALSE) -> b4afca63-3c36-494b-8f7a-308c74d24ef3 | D8: K. Saravanan | E8: Sholingur | G8: 39 | I8: - | K8: Sholingur
C9: =VLOOKUP(E9,'TN Constituency'!P:Q,2,FALSE) -> d6c06308-5b86-46df-8956-4f558d116b3f | D9: Padi V. Selvam | E9: Pennagaram | G9: 58 | I9: - | K9: Pennagaram
C10: =VLOOKUP(E10,'TN Constituency'!P:Q,2,FALSE) -> 336dc71b-ba67-4fd9-9c9c-8289c709cdf5 | D10: Sowmiya Anbumani | E10: Dharmapuri | G10: 59 | I10: - | K10: Dharmapuri
C11: =VLOOKUP(E11,'TN Constituency'!P:Q,2,FALSE) -> 74f207e7-e4fd-450e-8d77-26aeec86f93f | D11: CR Bhaskaran | E11: Polur | G11: 66 | I11: - | K11: Polur
C12: =VLOOKUP(E12,'TN Constituency'!P:Q,2,FALSE) -> 4b93b543-e28b-49f6-be19-09de444d43d9 | D12: Ganesh | E12: Gingee | G12: 70 | I12: - | K12: Gingee
C13: =VLOOKUP(E13,'TN Constituency'!P:Q,2,FALSE) -> a3e78c2b-9731-4faa-8345-1d7cc1512556 | D13: Sivakumar | E13: Vikravandi | G13: 75 | I13: - | K13: Vikravandi
C14: =VLOOKUP(E14,'TN Constituency'!P:Q,2,FALSE) -> 9417a184-5784-445a-b39c-3483f11c2c82 | D14: A.P. Chezhiyan | E14: Rishivandiyam | G14: 78 | I14: - | K14: Rishivandiyam
C15: =VLOOKUP(E15,'TN Constituency'!P:Q,2,FALSE) -> 71c3c459-2eeb-4256-9260-087aff06bc8d | D15: Karthi | E15: Salem (West) | G15: 88 | I15: - | K15: Salem (West)
... C21: =VLOOKUP(E21,'TN Constituency'!P:Q,2,FALSE) -> 561279b4-8257-4b07-ae5d-eaee5d7ad432 | D21: Vadivel Ravanan S | E21: Kilvelur | G21: 164 | I21: - | K21: Kilvelur

Sheet MDMK
C2: Sl No. | D2: Candidate name | E2: Constituency name
C3: 1 | D3: Senthil Nathan | E3: 100 - Modakkurichi
C4: 2 | D4: Senthil Selvan | E4: 160 - Sirkazhi
C5: 3 | D5: Boominathan | E5: 192 - Madurai South
C6: 4 | D6: Rajendran | E6: 221 - Kadayanallur

Sheet VCK
B2: 2ece8d6c-0ef7-4f6f-91f1-1d553482a28f
C3: VCK
C4: Sl No. | D4: Candidate name | E4: Constituency name
C5: =VLOOKUP(E5,'TN Constituency'!P:Q,2,FALSE) -> 8bf639a7-bca3-42f8-928c-d466c5679fd8 | D5: Panneer Doss | E5: Thiruporur | I5: 33 | K5: - | M5: Thiruporur
C6: =VLOOKUP(E6,'TN Constituency'!P:Q,2,FALSE) -> 92c11a80-61bf-41d8-ac06-ccda1453a110 | D6: Sindhanai Selvan | E6: Cheyyur | I6: 34 | K6: - | M6: Cheyyur
C7: =VLOOKUP(E7,'TN Constituency'!P:Q,2,FALSE) -> 3cf53256-ea4a-4536-81f5-78fcf5d61d52 | D7: Ezhil Caroline | E7: Arakkonam | I7: 38 | K7: - | M7: Arakkonam
C8: =VLOOKUP(E8,'TN Constituency'!P:Q,2,FALSE) -> 2e887ca2-b947-45eb-8086-fb5e05b9a2ac | D8: Vanniarasu | E8: Tindivanam | I8: 72 | K8: - | M8: Tindivanam
C9: =VLOOKUP(E9,'TN Constituency'!P:Q,2,FALSE) -> 55330759-7d3f-435e-bc45-ef19986b9603 | D9: Malathi | E9: Kallakurichi | I9: 80 | K9: - | M9: Kallakurichi
C10: =VLOOKUP(E10,'TN Constituency'!P:Q,2,FALSE) -> 0ebaae94-0cf3-4cf8-bc48-5256c3119ff1 | D10: Abdul Rahman | E10: Panruti | I10: 154 | K10: - | M10: Panruti
C11: =VLOOKUP(E11,'TN Constituency'!P:Q,2,FALSE) -> 638ea284-7739-40f8-8db7-b26319b8d217 | D11: Jothimani | E11: Kattumannarkoil | I11: 159 | K11: - | M11: Kattumannarkoil(SC)
C12: =VLOOKUP(E12,'TN Constituency'!P:Q,2,FALSE) -> 4686158a-85b8-4b25-b9e3-c0883bd0d13b | D12: Aatral Arasu | E12: Periyakulam | I12: 199 | K12: - | M12: Periyakulam
B14: 15bd812f-51da-41fd-b1e4-80d52b789100
C15: TMC
C16: Sl No. | D16: Candidate name | E16: Constituency name
C17: =VLOOKUP(E17,'TN Constituency'!P:Q,2,FALSE) -> 91bc257e-4e16-4cbe-87e4-bd31f2f58413 | D17: V M Karthikeyan | E17: Ranipet | I17: 41 | K17: - | M17: Ranipet
C18: =VLOOKUP(E18,'TN Constituency'!P:Q,2,FALSE) -> 3a17227d-9feb-4a4c-846b-2ebd9aa172e0 | D18: M. Yuvaraja | E18: Erode (West) | I18: 99 | K18: - | M18: Erode (West)
C19: =VLOOKUP(E19,'TN Constituency'!P:Q,2,FALSE) -> c195167e-8489-4897-bb80-4d1cd317d17e | D19: Vidiyal S Sekar | E19: Oddanchatram | I19: 128 | K19: - | M19: Oddanchatram
C20: =VLOOKUP(E20,'TN Constituency'!P:Q,2,FALSE) -> 846befdb-07b4-4146-abca-c8d1d378a116 | D20: M.K.R. Ashok Kumar | E20: Kumbakonam | I20: 171 | K20: - | M20: Kumbakonam
C21: =VLOOKUP(E21,'TN Constituency'!P:Q,2,FALSE) -> 227183fd-4356-4815-9f2b-51ccced152c5 | D21: Dr J. Nivin Simon | E21: Killiyoor | I21: 234 | K21: - | M21: Killiyoor
B24: 3d1dc59d-7f54-474b-8508-8c3a1bfbd006
C25: IJK
C26: Sl No. | D26: Candidate name | E26: Constituency name
C27: =VLOOKUP(E27,'TN Constituency'!P:Q,2,FALSE) -> e1f1355e-7029-42d4-b661-cfd3139139d6 | D27: Venkatesan | E27: Pallavaram | I27: 30 | K27: - | M27: Pallavaram
C28: =VLOOKUP(E28,'TN Constituency'!P:Q,2,FALSE) -> 93d839a0-f2dc-4bc1-8472-fcea19d24bf6 | D28: Saranya | E28: Kunnam | I28: 148 | K28: - | M28: Kunnam
B31: 8834876e-d88f-406b-85db-f27b165d697b
C32: MDMK
C33: Sl No. | D33: Candidate name | E33: Constituency name
C34: =VLOOKUP(E34,'TN Constituency'!P:Q,2,FALSE) -> ed801607-de07-48d1-b18d-51c1acb399f6 | D34: Senthil Nathan | E34: Modakkurichi | H34: 100 | J34: - | L34: Modakkurichi
C35: =VLOOKUP(E35,'TN Constituency'!P:Q,2,FALSE) -> 338f319d-ca9d-4602-b05d-ecec7b747539 | D35: Senthil Selvan | E35: Sirkazhi | H35: 160 | J35: - | L35: Sirkazhi
C36: =VLOOKUP(E36,'TN Constituency'!P:Q,2,FALSE) -> f392b3e7-f12d-45e3-bd5e-6ff9978c2947 | D36: Boominathan | E36: Madurai South | H36: 192 | J36: - | L36: Madurai South
C37: =VLOOKUP(E37,'TN Constituency'!P:Q,2,FALSE) -> 20e0bb62-3cb1-413b-9452-6d7d72674e55 | D37: Rajendran | E37: Kadayanallur | H37: 221 | J37: - | L37: Kadayanallur

Sheet TN Constituency
G1: assm/parl
D2: id | E2: constituency_id | F2: name | G2: constituency_type | H2: reserved | I2: district_id | J2: state_id | K2: country_id | L2: created_at | M2: created_by | N2: is_active | P2: assembly | Q2: guid
D3: =VLOOKUP(F3,P:Q,2, FALSE) -> ad8f07c3-9b27-47ce-9824-acba45495914 | E3: =VLOOKUP(F3,P:R,3, FALSE) -> 28 | F3: Alandur | G3: assm | I3: 63cbd559-4eec-4e0e-b0fb-6381dfe6c073 | J3: 68628c43-8739-40d7-ab55-923c9a0d6a7d | K3: c81fe682-33a0-11f1-abe6-00155d1e4039 | M3: system | N3: 1 | O3: =_xlfn.CONCAT("insert into constituency (id, name, reserved, district_id, state_id, country_id, created_by) values('", D3, "', '", F3, "', '", H3, "', '", I3, "', '", J3, "', '", K3, "', 'system');") -> insert into constituency (id, name, reserved, district_id, state_id, country_id, created_by) values('ad8f07c3-9b27-47ce-9824-acba45495914', 'Alandur', '', '63cbd559-4eec-4e0e-b0fb-6381dfe6c073', '68628c43-8739-40d7-ab55-923c9a0d6a7d', 'c81fe682-33a0-11f1-abe6-00155d1e4039', 'system'); | P3: Gummidipoondi | Q3: b23bc17c-3c90-42e5-acda-75cbd383845e | R3: 1
D4: =VLOOKUP(F4,P:Q,2, FALSE) -> e07aca0b-7616-4dcd-8664-fa9402b41790 | E4: =VLOOKUP(F4,P:R,3, FALSE) -> 182 | F4: Alangudi | G4: assm | I4: 0fd86ea7-25eb-4f20-b4ad-2fe7dda7e382 | J4: 68628c43-8739-40d7-ab55-923c9a0d6a7d | K4: c81fe682-33a0-11f1-abe6-00155d1e4039 | O4: =_xlfn.CONCAT("insert into constituency (id, name, reserved, district_id, state_id, country_id, created_by) values('", D4, "', '", F4, "', '", H4, "', '", I4, "', '", J4, "', '", K4, "', 'system');") -> insert into constituency (id, name, reserved, district_id, state_id, country_id, created_by) values('e07aca0b-7616-4dcd-8664-fa9402b41790', 'Alangudi', '', '0fd86ea7-25eb-4f20-b4ad-2fe7dda7e382', '68628c43-8739-40d7-ab55-923c9a0d6a7d', 'c81fe682-33a0-11f1-abe6-00155d1e4039', 'system'); | P4: Ponneri | Q4: 3a716a0f-b4b9-457f-a3a1-a66c6888fe7a | R4: 2
D5: =VLOOKUP(F5,P:Q,2, FALSE) -> 5cb2d3dd-3d93-4ead-bc75-569a593ef35c | E5: =VLOOKUP(F5,P:R,3, FALSE) -> 223 | F5: Alangulam | G5: assm | I5: 16857f49-0ac0-41c8-b5f4-b745f6f98fe3 | J5: 68628c43-8739-40d7-ab55-923c9a0d6a7d | K5: c81fe682-33a0-11f1-abe6-00155d1e4039 | O5: =_xlfn.CONCAT("insert into constituency (id, name, reserved, district_id, state_id, country_id, created_by) values('", D5, "', '", F5, "', '", H5, "', '", I5, "', '", J5, "', '", K5, "', 'system');") -> insert into constituency (id, name, reserved, district_id, state_id, country_id, created_by) values('5cb2d3dd-3d93-4ead-bc75-569a593ef35c', 'Alangulam', '', '16857f49-0ac0-41c8-b5f4-b745f6f98fe3', '68628c43-8739-40d7-ab55-923c9a0d6a7d', 'c81fe682-33a0-11f1-abe6-00155d1e4039', 'system'); | P5: Tiruttani | Q5: e0a00a3b-90f6-4696-9e59-caa742168983 | R5: 3
D6: =VLOOKUP(F6,P:Q,2, FALSE) -> 2a795b4b-1a74-43b5-b005-56aeadfa27a1 | E6: =VLOOKUP(F6,P:R,3, FALSE) -> 225 | F6: Ambasamudram | G6: assm | I6: 6a1bb690-7bc3-47d8-9672-e2ba8682155e | J6: 68628c43-8739-40d7-ab55-923c9a0d6a7d | K6: c81fe682-33a0-11f1-abe6-00155d1e4039 | O6: =_xlfn.CONCAT("insert into constituency (id, name, reserved, district_id, state_id, country_id, created_by) values('", D6, "', '", F6, "', '", H6, "', '", I6, "', '", J6, "', '", K6, "', 'system');") -> insert into constituency (id, name, reserved, district_id, state_id, country_id, created_by) values('2a795b4b-1a74-43b5-b005-56aeadfa27a1', 'Ambasamudram', '', '6a1bb690-7bc3-47d8-9672-e2ba8682155e', '68628c43-8739-40d7-ab55-923c9a0d6a7d', 'c81fe682-33a0-11f1-abe6-00155d1e4039', 'system'); | P6: Thiruvallur | Q6: 008aedf6-4a9d-4269-a7ad-63b7e8d8eaa5 | R6: 4
D7: =VLOOKUP(F7,P:Q,2, FALSE) -> bcfb125e-6b85-4f11-a08f-902adff330bf | E7: =VLOOKUP(F7,P:R,3, FALSE) -> 8 | F7: Ambattur | G7: assm | I7: 63cbd559-4eec-4e0e-b0fb-6381dfe6c073 | J7: 68628c43-8739-40d7-ab55-923c9a0d6a7d | K7: c81fe682-33a0-11f1-abe6-00155d1e4039 | O7: =_xlfn.CONCAT("insert into constituency (id, name, reserved, district_id, state_id, country_id, created_by) values('", D7, "', '", F7, "', '", H7, "', '", I7, "', '", J7, "', '", K7, "', 'system');") -> insert into constituency (id, name, reserved, district_id, state_id, country_id, created_by) values('bcfb125e-6b85-4f11-a08f-902adff330bf', 'Ambattur', '', '63cbd559-4eec-4e0e-b0fb-6381dfe6c073', '68628c43-8739-40d7-ab55-923c9a0d6a7d', 'c81fe682-33a0-11f1-abe6-00155d1e4039', 'system'); | P7: Poonamallee | Q7: 17586e3c-1487-43c6-81b0-e3cabe59fa92 | R7: 5
D8: =VLOOKUP(F8,P:Q,2, FALSE) -> 6f8dcb00-c491-4184-a5f0-16d9308fed04 | E8: =VLOOKUP(F8,P:R,3, FALSE) -> 48 | F8: Ambur | G8: assm | I8: 9070969c-1cf1-48f9-b11b-e2e1caf2025d | J8: 68628c43-8739-40d7-ab55-923c9a0d6a7d | K8: c81fe682-33a0-11f1-abe6-00155d1e4039 | O8: =_xlfn.CONCAT("insert into constituency (id, name, reserved, district_id, state_id, country_id, created_by) values('", D8, "', '", F8, "', '", H8, "', '", I8, "', '", J8, "', '", K8, "', 'system');") -> insert into constituency (id, name, reserved, district_id, state_id, country_id, created_by) values('6f8dcb00-c491-4184-a5f0-16d9308fed04', 'Ambur', '', '9070969c-1cf1-48f9-b11b-e2e1caf2025d', '68628c43-8739-40d7-ab55-923c9a0d6a7d', 'c81fe682-33a0-11f1-abe6-00155d1e4039', 'system'); | P8: Avadi | Q8: 4987680d-e88c-4439-a3ae-1a536e586453 | R8: 6
D9: =VLOOKUP(F9,P:Q,2, FALSE) -> ba90a866-2cf6-4c80-8721-b974b597081a | E9: =VLOOKUP(F9,P:R,3, FALSE) -> 44 | F9: Anaikattu | G9: assm | I9: 56ded4ab-571b-4a09-914a-e6c00bd31ee5 | J9: 68628c43-8739-40d7-ab55-923c9a0d6a7d | K9: c81fe682-33a0-11f1-abe6-00155d1e4039 | O9: =_xlfn.CONCAT("insert into constituency (id, name, reserved, district_id, state_id, country_id, created_by) values('", D9, "', '", F9, "', '", H9, "', '", I9, "', '", J9, "', '", K9, "', 'system');") -> insert into constituency (id, name, reserved, district_id, state_id, country_id, created_by) values('ba90a866-2cf6-4c80-8721-b974b597081a', 'Anaikattu', '', '56ded4ab-571b-4a09-914a-e6c00bd31ee5', '68628c43-8739-40d7-ab55-923c9a0d6a7d', 'c81fe682-33a0-11f1-abe6-00155d1e4039', 'system'); | P9: Maduravoyal | Q9: b5f82308-ca4e-41c1-9499-e932b5b6705d | R9: 7
D10: =VLOOKUP(F10,P:Q,2, FALSE) -> aab1c270-b425-4175-8bf6-7aaf06426ba8 | E10: =VLOOKUP(F10,P:R,3, FALSE) -> 198 | F10: Andipatti | G10: assm | I10: 95f7baf3-92ec-4aae-a8d9-7a791a502c75 | J10: 68628c43-8739-40d7-ab55-923c9a0d6a7d | K10: c81fe682-33a0-11f1-abe6-00155d1e4039 | O10: =_xlfn.CONCAT("insert into constituency (id, name, reserved, district_id, state_id, country_id, created_by) values('", D10, "', '", F10, "', '", H10, "', '", I10, "', '", J10, "', '", K10, "', 'system');") -> insert into constituency (id, name, reserved, district_id, state_id, country_id, created_by) values('aab1c270-b425-4175-8bf6-7aaf06426ba8', 'Andipatti', '', '95f7baf3-92ec-4aae-a8d9-7a791a502c75', '68628c43-8739-40d7-ab55-923c9a0d6a7d', 'c81fe682-33a0-11f1-abe6-00155d1e4039', 'system'); | P10: Ambattur | Q10: bcfb125e-6b85-4f11-a08f-902adff330bf | R10: 8
D11: =VLOOKUP(F11,P:Q,2, FALSE) -> 0a5ca5e8-1e73-4ccc-92e4-42d2e7499dc8 | E11: =VLOOKUP(F11,P:R,3, FALSE) -> 21 | F11: Anna Nagar | G11: assm | I11: 63cbd559-4eec-4e0e-b0fb-6381dfe6c073 | J11: 68628c43-8739-40d7-ab55-923c9a0d6a7d | K11: c81fe682-33a0-11f1-abe6-00155d1e4039 | O11: =_xlfn.CONCAT("insert into constituency (id, name, reserved, district_id, state_id, country_id, created_by) values('", D11, "', '", F11, "', '", H11, "', '", I11, "', '", J11, "', '", K11, "', 'system');") -> insert into constituency (id, name, reserved, district_id, state_id, country_id, created_by) values('0a5ca5e8-1e73-4ccc-92e4-42d2e7499dc8', 'Anna Nagar', '', '63cbd559-4eec-4e0e-b0fb-6381dfe6c073', '68628c43-8739-40d7-ab55-923c9a0d6a7d', 'c81fe682-33a0-11f1-abe6-00155d1e4039', 'system'); | P11: Madavaram | Q11: 52619af0-424d-4172-9451-f329734d5a34 | R11: 9
D12: =VLOOKUP(F12,P:Q,2, FALSE) -> 589cd307-7405-4cc3-b8b0-a08530402c7b | E12: =VLOOKUP(F12,P:R,3, FALSE) -> 105 | F12: Anthiyur | G12: assm | I12: e2efd18f-6894-41eb-a8db-08cdb7f21267 | J12: 68628c43-8739-40d7-ab55-923c9a0d6a7d | K12: c81fe682-33a0-11f1-abe6-00155d1e4039 | O12: =_xlfn.CONCAT("insert into constituency (id, name, reserved, district_id, state_id, country_id, created_by) values('", D12, "', '", F12, "', '", H12, "', '", I12, "', '", J12, "', '", K12, "', 'system');") -> insert into constituency (id, name, reserved, district_id, state_id, country_id, created_by) values('589cd307-7405-4cc3-b8b0-a08530402c7b', 'Anthiyur', '', 'e2efd18f-6894-41eb-a8db-08cdb7f21267', '68628c43-8739-40d7-ab55-923c9a0d6a7d', 'c81fe682-33a0-11f1-abe6-00155d1e4039', 'system'); | P12: Thiruvottiyur | Q12: 7ab4491b-648d-48c5-bcac-781f3095e9b3 | R12: 10
D13: =VLOOKUP(F13,P:Q,2, FALSE) -> 3cf53256-ea4a-4536-81f5-78fcf5d61d52 | E13: =VLOOKUP(F13,P:R,3, FALSE) -> 38 | F13: Arakkonam | G13: assm | I13: 4fa55af9-22fb-4523-b6c5-1629a9db82a5 | J13: 68628c43-8739-40d7-ab55-923c9a0d6a7d | K13: c81fe682-33a0-11f1-abe6-00155d1e4039 | O13: =_xlfn.CONCAT("insert into constituency (id, name, reserved, district_id, state_id, country_id, created_by) values('", D13, "', '", F13, "', '", H13, "', '", I13, "', '", J13, "', '", K13, "', 'system');") -> insert into constituency (id, name, reserved, district_id, state_id, country_id, created_by) values('3cf53256-ea4a-4536-81f5-78fcf5d61d52', 'Arakkonam', '', '4fa55af9-22fb-4523-b6c5-1629a9db82a5', '68628c43-8739-40d7-ab55-923c9a0d6a7d', 'c81fe682-33a0-11f1-abe6-00155d1e4039', 'system'); | P13: Dr.Radhakrishnan Nagar | Q13: 499ff327-af5f-4703-8e77-8a22e71fb2c3 | R13: 11
D14: =VLOOKUP(F14,P:Q,2, FALSE) -> 927e8d6e-1528-4cf4-8c57-48ab34fba5f3 | E14: =VLOOKUP(F14,P:R,3, FALSE) -> 67 | F14: Arani | G14: assm | I14: 2fd5e362-8a2e-4b90-8d5f-b71353a07527 | J14: 68628c43-8739-40d7-ab55-923c9a0d6a7d | K14: c81fe682-33a0-11f1-abe6-00155d1e4039 | O14: =_xlfn.CONCAT("insert into constituency (id, name, reserved, district_id, state_id, country_id, created_by) values('", D14, "', '", F14, "', '", H14, "', '", I14, "', '", J14, "', '", K14, "', 'system');") -> insert into constituency (id, name, reserved, district_id, state_id, country_id, created_by) values('927e8d6e-1528-4cf4-8c57-48ab34fba5f3', 'Arani', '', '2fd5e362-8a2e-4b90-8d5f-b71353a07527', '68628c43-8739-40d7-ab55-923c9a0d6a7d', 'c81fe682-33a0-11f1-abe6-00155d1e4039', 'system'); | P14: Perambur | Q14: 144532f7-7933-491e-8f75-8444036f8e76 | R14: 12
D15: =VLOOKUP(F15,P:Q,2, FALSE) -> ad74e248-23ff-4c5f-98e1-805d4ec7e550 | E15: =VLOOKUP(F15,P:R,3, FALSE) -> 183 | F15: Aranthangi | G15: assm | I15: 0fd86ea7-25eb-4f20-b4ad-2fe7dda7e382 | J15: 68628c43-8739-40d7-ab55-923c9a0d6a7d | K15: c81fe682-33a0-11f1-abe6-00155d1e4039 | O15: =_xlfn.CONCAT("insert into constituency (id, name, reserved, district_id, state_id, country_id, created_by) values('", D15, "', '", F15, "', '", H15, "', '", I15, "', '", J15, "', '", K15, "', 'system');") -> insert into constituency (id, name, reserved, district_id, state_id, country_id, created_by) values('ad74e248-23ff-4c5f-98e1-805d4ec7e550', 'Aranthangi', '', '0fd86ea7-25eb-4f20-b4ad-2fe7dda7e382', '68628c43-8739-40d7-ab55-923c9a0d6a7d', 'c81fe682-33a0-11f1-abe6-00155d1e4039', 'system'); | P15: Kolathur | Q15: 3236346d-b10c-4aff-9ce3-c46583b10191 | R15: 13
... D22: =VLOOKUP(F22,P:Q,2, FALSE) -> 4987680d-e88c-4439-a3ae-1a536e586453 | E22: =VLOOKUP(F22,P:R,3, FALSE) -> 6 | F22: Avadi | G22: assm | I22: 76168604-65fc-439f-8e23-05d731626567 | J22: 68628c43-8739-40d7-ab55-923c9a0d6a7d | K22: c81fe682-33a0-11f1-abe6-00155d1e4039 | O22: =_xlfn.CONCAT("insert into constituency (id, name, reserved, district_id, state_id, country_id, created_by) values('", D22, "', '", F22, "', '", H22, "', '", I22, "', '", J22, "', '", K22, "', 'system');") -> insert into constituency (id, name, reserved, district_id, state_id, country_id, created_by) values('4987680d-e88c-4439-a3ae-1a536e586453', 'Avadi', '', '76168604-65fc-439f-8e23-05d731626567', '68628c43-8739-40d7-ab55-923c9a0d6a7d', 'c81fe682-33a0-11f1-abe6-00155d1e4039', 'system'); | P22: Thousand Lights | Q22: c7b04183-9ddf-4099-842a-41042c059d18 | R22: 20
D23: =VLOOKUP(F23,P:Q,2, FALSE) -> f62de6b6-88e3-4238-a22e-ae95a4501718 | E23: =VLOOKUP(F23,P:R,3, FALSE) -> 112 | F23: Avanashi | G23: assm | H23: SC | I23: 13563db6-dce7-4b82-81dd-bac5d416110d | J23: 68628c43-8739-40d7-ab55-923c9a0d6a7d | K23: c81fe682-33a0-11f1-abe6-00155d1e4039 | O23: =_xlfn.CONCAT("insert into constituency (id, name, reserved, district_id, state_id, country_id, created_by) values('", D23, "', '", F23, "', '", H23, "', '", I23, "', '", J23, "', '", K23, "', 'system');") -> insert into constituency (id, name, reserved, district_id, state_id, country_id, created_by) values('f62de6b6-88e3-4238-a22e-ae95a4501718', 'Avanashi', 'SC', '13563db6-dce7-4b82-81dd-bac5d416110d', '68628c43-8739-40d7-ab55-923c9a0d6a7d', 'c81fe682-33a0-11f1-abe6-00155d1e4039', 'system'); | P23: Anna Nagar | Q23: 0a5ca5e8-1e73-4ccc-92e4-42d2e7499dc8 | R23: 21
D24: =VLOOKUP(F24,P:Q,2, FALSE) -> 0f5cf5d2-58cd-4542-9860-aae1fdc6c410 | E24: =VLOOKUP(F24,P:R,3, FALSE) -> 52 | F24: Bargur | G24: assm | I24: 50ffbb0b-1865-4bf1-9af1-2af3f37ff5bd | J24: 68628c43-8739-40d7-ab55-923c9a0d6a7d | K24: c81fe682-33a0-11f1-abe6-00155d1e4039 | O24: =_xlfn.CONCAT("insert into constituency (id, name, reserved, district_id, state_id, country_id, created_by) values('", D24, "', '", F24, "', '", H24, "', '", I24, "', '", J24, "', '", K24, "', 'system');") -> insert into constituency (id, name, reserved, district_id, state_id, country_id, created_by) values('0f5cf5d2-58cd-4542-9860-aae1fdc6c410', 'Bargur', '', '50ffbb0b-1865-4bf1-9af1-2af3f37ff5bd', '68628c43-8739-40d7-ab55-923c9a0d6a7d', 'c81fe682-33a0-11f1-abe6-00155d1e4039', 'system'); | P24: Virugampakkam | Q24: 2b785d52-83bd-45e0-b33d-b931873c69a2 | R24: 22
D25: =VLOOKUP(F25,P:Q,2, FALSE) -> 06b2c95c-e215-4912-8d00-bc09ea3fda45 | E25: =VLOOKUP(F25,P:R,3, FALSE) -> 104 | F25: Bhavani | G25: assm | I25: e2efd18f-6894-41eb-a8db-08cdb7f21267 | J25: 68628c43-8739-40d7-ab55-923c9a0d6a7d | K25: c81fe682-33a0-11f1-abe6-00155d1e4039 | O25: =_xlfn.CONCAT("insert into constituency (id, name, reserved, district_id, state_id, country_id, created_by) values('", D25, "', '", F25, "', '", H25, "', '", I25, "', '", J25, "', '", K25, "', 'system');") -> insert into constituency (id, name, reserved, district_id, state_id, country_id, created_by) values('06b2c95c-e215-4912-8d00-bc09ea3fda45', 'Bhavani', '', 'e2efd18f-6894-41eb-a8db-08cdb7f21267', '68628c43-8739-40d7-ab55-923c9a0d6a7d', 'c81fe682-33a0-11f1-abe6-00155d1e4039', 'system'); | P25: Saidapet | Q25: acfcb782-eb05-4125-84fc-293fdd46247d | R25: 23
D26: =VLOOKUP(F26,P:Q,2, FALSE) -> e3037ea5-dbc9-4532-98fe-073df21856cd | E26: =VLOOKUP(F26,P:R,3, FALSE) -> 107 | F26: Bhavanisagar | G26: assm | I26: e2efd18f-6894-41eb-a8db-08cdb7f21267 | J26: 68628c43-8739-40d7-ab55-923c9a0d6a7d | K26: c81fe682-33a0-11f1-abe6-00155d1e4039 | O26: =_xlfn.CONCAT("insert into constituency (id, name, reserved, district_id, state_id, country_id, created_by) values('", D26, "', '", F26, "', '", H26, "', '", I26, "', '", J26, "', '", K26, "', 'system');") -> insert into constituency (id, name, reserved, district_id, state_id, country_id, created_by) values('e3037ea5-dbc9-4532-98fe-073df21856cd', 'Bhavanisagar', '', 'e2efd18f-6894-41eb-a8db-08cdb7f21267', '68628c43-8739-40d7-ab55-923c9a0d6a7d', 'c81fe682-33a0-11f1-abe6-00155d1e4039', 'system'); | P26: Thiyagarayanagar | Q26: e48776e2-4649-407d-aa1a-b7e535d58691 | R26: 24
D27: =VLOOKUP(F27,P:Q,2, FALSE) -> 69f91b12-f843-4dc2-8355-e32a6033332f | E27: =VLOOKUP(F27,P:R,3, FALSE) -> 157 | F27: Bhuvanagiri | G27: assm | I27: 8e63bc03-1c9e-4f11-bfec-37eea3e8d2d1 | J27: 68628c43-8739-40d7-ab55-923c9a0d6a7d | K27: c81fe682-33a0-11f1-abe6-00155d1e4039 | O27: =_xlfn.CONCAT("insert into constituency (id, name, reserved, district_id, state_id, country_id, created_by) values('", D27, "', '", F27, "', '", H27, "', '", I27, "', '", J27, "', '", K27, "', 'system');") -> insert into constituency (id, name, reserved, district_id, state_id, country_id, created_by) values('69f91b12-f843-4dc2-8355-e32a6033332f', 'Bhuvanagiri', '', '8e63bc03-1c9e-4f11-bfec-37eea3e8d2d1', '68628c43-8739-40d7-ab55-923c9a0d6a7d', 'c81fe682-33a0-11f1-abe6-00155d1e4039', 'system'); | P27: Mylapore | Q27: b3e6de9d-2023-49c1-8579-f087fa71a02a | R27: 25
D28: =VLOOKUP(F28,P:Q,2, FALSE) -> fed1133d-d4ae-49a4-859e-1898f89efa90 | E28: =VLOOKUP(F28,P:R,3, FALSE) -> 200 | F28: Bodinayakanur | G28: assm | I28: 95f7baf3-92ec-4aae-a8d9-7a791a502c75 | J28: 68628c43-8739-40d7-ab55-923c9a0d6a7d | K28: c81fe682-33a0-11f1-abe6-00155d1e4039 | O28: =_xlfn.CONCAT("insert into constituency (id, name, reserved, district_id, state_id, country_id, created_by) values('", D28, "', '", F28, "', '", H28, "', '", I28, "', '", J28, "', '", K28, "', 'system');") -> insert into constituency (id, name, reserved, district_id, state_id, country_id, created_by) values('fed1133d-d4ae-49a4-859e-1898f89efa90', 'Bodinayakanur', '', '95f7baf3-92ec-4aae-a8d9-7a791a502c75', '68628c43-8739-40d7-ab55-923c9a0d6a7d', 'c81fe682-33a0-11f1-abe6-00155d1e4039', 'system'); | P28: Velachery | Q28: c33c5b03-58f9-4026-a61c-d51446248685 | R28: 26
D29: =VLOOKUP(F29,P:Q,2, FALSE) -> 835eaf84-e43d-4adc-8394-432342efb994 | E29: =VLOOKUP(F29,P:R,3, FALSE) -> 32 | F29: Chengalpattu | G29: assm | I29: 33b86357-1153-4e41-9b99-b9685e128df9 | J29: 68628c43-8739-40d7-ab55-923c9a0d6a7d | K29: c81fe682-33a0-11f1-abe6-00155d1e4039 | O29: =_xlfn.CONCAT("insert into constituency (id, name, reserved, district_id, state_id, country_id, created_by) values('", D29, "', '", F29, "', '", H29, "', '", I29, "', '", J29, "', '", K29, "', 'system');") -> insert into constituency (id, name, reserved, district_id, state_id, country_id, created_by) values('835eaf84-e43d-4adc-8394-432342efb994', 'Chengalpattu', '', '33b86357-1153-4e41-9b99-b9685e128df9', '68628c43-8739-40d7-ab55-923c9a0d6a7d', 'c81fe682-33a0-11f1-abe6-00155d1e4039', 'system'); | P29: Shozhinganallur | Q29: bd9d5fa4-c604-4d86-b4a7-e587bdb4deeb | R29: 27
D30: =VLOOKUP(F30,P:Q,2, FALSE) -> c78ce47e-2e7c-407f-ab81-9dab38ea9afc | E30: =VLOOKUP(F30,P:R,3, FALSE) -> 62 | F30: Chengam | G30: assm | I30: 2fd5e362-8a2e-4b90-8d5f-b71353a07527 | J30: 68628c43-8739-40d7-ab55-923c9a0d6a7d | K30: c81fe682-33a0-11f1-abe6-00155d1e4039 | O30: =_xlfn.CONCAT("insert into constituency (id, name, reserved, district_id, state_id, country_id, created_by) values('", D30, "', '", F30, "', '", H30, "', '", I30, "', '", J30, "', '", K30, "', 'system');") -> insert into constituency (id, name, reserved, district_id, state_id, country_id, created_by) values('c78ce47e-2e7c-407f-ab81-9dab38ea9afc', 'Chengam', '', '2fd5e362-8a2e-4b90-8d5f-b71353a07527', '68628c43-8739-40d7-ab55-923c9a0d6a7d', 'c81fe682-33a0-11f1-abe6-00155d1e4039', 'system'); | P30: Alandur | Q30: ad8f07c3-9b27-47ce-9824-acba45495914 | R30: 28
D31: =VLOOKUP(F31,P:Q,2, FALSE) -> 9f1f5173-0700-4a12-ae6b-23e4b140e8a7 | E31: =VLOOKUP(F31,P:R,3, FALSE) -> 19 | F31: Chepauk-Thiruvallikeni | G31: assm | I31: 63cbd559-4eec-4e0e-b0fb-6381dfe6c073 | J31: 68628c43-8739-40d7-ab55-923c9a0d6a7d | K31: c81fe682-33a0-11f1-abe6-00155d1e4039 | O31: =_xlfn.CONCAT("insert into constituency (id, name, reserved, district_id, state_id, country_id, created_by) values('", D31, "', '", F31, "', '", H31, "', '", I31, "', '", J31, "', '", K31, "', 'system');") -> insert into constituency (id, name, reserved, district_id, state_id, country_id, created_by) values('9f1f5173-0700-4a12-ae6b-23e4b140e8a7', 'Chepauk-Thiruvallikeni', '', '63cbd559-4eec-4e0e-b0fb-6381dfe6c073', '68628c43-8739-40d7-ab55-923c9a0d6a7d', 'c81fe682-33a0-11f1-abe6-00155d1e4039', 'system'); | P31: Sriperumbudur | Q31: c6a5fdc0-2b60-4dd6-8dc5-4bfe43d62eb8 | R31: 29
D32: =VLOOKUP(F32,P:Q,2, FALSE) -> 05a929a2-e037-4326-9ca6-edd4a07104da | E32: =VLOOKUP(F32,P:R,3, FALSE) -> 68 | F32: Cheyyar | G32: assm | I32: 2fd5e362-8a2e-4b90-8d5f-b71353a07527 | J32: 68628c43-8739-40d7-ab55-923c9a0d6a7d | K32: c81fe682-33a0-11f1-abe6-00155d1e4039 | O32: =_xlfn.CONCAT("insert into constituency (id, name, reserved, district_id, state_id, country_id, created_by) values('", D32, "', '", F32, "', '", H32, "', '", I32, "', '", J32, "', '", K32, "', 'system');") -> insert into constituency (id, name, reserved, district_id, state_id, country_id, created_by) values('05a929a2-e037-4326-9ca6-edd4a07104da', 'Cheyyar', '', '2fd5e362-8a2e-4b90-8d5f-b71353a07527', '68628c43-8739-40d7-ab55-923c9a0d6a7d', 'c81fe682-33a0-11f1-abe6-00155d1e4039', 'system'); | P32: Pallavaram | Q32: e1f1355e-7029-42d4-b661-cfd3139139d6 | R32: 30
D33: =VLOOKUP(F33,P:Q,2, FALSE) -> 92c11a80-61bf-41d8-ac06-ccda1453a110 | E33: =VLOOKUP(F33,P:R,3, FALSE) -> 34 | F33: Cheyyur | G33: assm | I33: 33b86357-1153-4e41-9b99-b9685e128df9 | J33: 68628c43-8739-40d7-ab55-923c9a0d6a7d | K33: c81fe682-33a0-11f1-abe6-00155d1e4039 | O33: =_xlfn.CONCAT("insert into constituency (id, name, reserved, district_id, state_id, country_id, created_by) values('", D33, "', '", F33, "', '", H33, "', '", I33, "', '", J33, "', '", K33, "', 'system');") -> insert into constituency (id, name, reserved, district_id, state_id, country_id, created_by) values('92c11a80-61bf-41d8-ac06-ccda1453a110', 'Cheyyur', '', '33b86357-1153-4e41-9b99-b9685e128df9', '68628c43-8739-40d7-ab55-923c9a0d6a7d', 'c81fe682-33a0-11f1-abe6-00155d1e4039', 'system'); | P33: Tambaram | Q33: 3ce24248-60ae-4e11-b3da-71b847a02cea | R33: 31
D34: =VLOOKUP(F34,P:Q,2, FALSE) -> 3e7a7e53-c838-4876-af14-fa1052bb13b2 | E34: =VLOOKUP(F34,P:R,3, FALSE) -> 158 | F34: Chidambaram | G34: assm | I34: 8e63bc03-1c9e-4f11-bfec-37eea3e8d2d1 | J34: 68628c43-8739-40d7-ab55-923c9a0d6a7d | K34: c81fe682-33a0-11f1-abe6-00155d1e4039 | O34: =_xlfn.CONCAT("insert into constituency (id, name, reserved, district_id, state_id, country_id, created_by) values('", D34, "', '", F34, "', '", H34, "', '", I34, "', '", J34, "', '", K34, "', 'system');") -> insert into constituency (id, name, reserved, district_id, state_id, country_id, created_by) values('3e7a7e53-c838-4876-af14-fa1052bb13b2', 'Chidambaram', '', '8e63bc03-1c9e-4f11-bfec-37eea3e8d2d1', '68628c43-8739-40d7-ab55-923c9a0d6a7d', 'c81fe682-33a0-11f1-abe6-00155d1e4039', 'system'); | P34: Chengalpattu | Q34: 835eaf84-e43d-4adc-8394-432342efb994 | R34: 32
D35: =VLOOKUP(F35,P:Q,2, FALSE) -> 4eb64a68-0a3a-4e72-8e80-bd74ed85e060 | E35: =VLOOKUP(F35,P:R,3, FALSE) -> 118 | F35: Coimbatore (North) | G35: assm | I35: fadd0541-32fa-4fb6-928b-1c74a1fd8686 | J35: 68628c43-8739-40d7-ab55-923c9a0d6a7d | K35: c81fe682-33a0-11f1-abe6-00155d1e4039 | O35: =_xlfn.CONCAT("insert into constituency (id, name, reserved, district_id, state_id, country_id, created_by) values('", D35, "', '", F35, "', '", H35, "', '", I35, "', '", J35, "', '", K35, "', 'system');") -> insert into constituency (id, name, reserved, district_id, state_id, country_id, created_by) values('4eb64a68-0a3a-4e72-8e80-bd74ed85e060', 'Coimbatore (North)', '', 'fadd0541-32fa-4fb6-928b-1c74a1fd8686', '68628c43-8739-40d7-ab55-923c9a0d6a7d', 'c81fe682-33a0-11f1-abe6-00155d1e4039', 'system'); | P35: Thiruporur | Q35: 8bf639a7-bca3-42f8-928c-d466c5679fd8 | R35: 33
... D40: =VLOOKUP(F40,P:Q,2, FALSE) -> 121a1dbb-3e2b-49a2-a113-f53d3c9393f7 | E40: =VLOOKUP(F40,P:R,3, FALSE) -> 201 | F40: Cumbum | G40: assm | I40: 95f7baf3-92ec-4aae-a8d9-7a791a502c75 | J40: 68628c43-8739-40d7-ab55-923c9a0d6a7d | K40: c81fe682-33a0-11f1-abe6-00155d1e4039 | O40: =_xlfn.CONCAT("insert into constituency (id, name, reserved, district_id, state_id, country_id, created_by) values('", D40, "', '", F40, "', '", H40, "', '", I40, "', '", J40, "', '", K40, "', 'system');") -> insert into constituency (id, name, reserved, district_id, state_id, country_id, created_by) values('121a1dbb-3e2b-49a2-a113-f53d3c9393f7', 'Cumbum', '', '95f7baf3-92ec-4aae-a8d9-7a791a502c75', '68628c43-8739-40d7-ab55-923c9a0d6a7d', 'c81fe682-33a0-11f1-abe6-00155d1e4039', 'system'); | P40: Arakkonam | Q40: 3cf53256-ea4a-4536-81f5-78fcf5d61d52 | R40: 38
D41: =VLOOKUP(F41,P:Q,2, FALSE) -> fa9c0257-3e31-49db-a50c-7b979887595b | E41: =VLOOKUP(F41,P:R,3, FALSE) -> 101 | F41: Dharapuram | G41: assm | H41: SC | I41: 13563db6-dce7-4b82-81dd-bac5d416110d | J41: 68628c43-8739-40d7-ab55-923c9a0d6a7d | K41: c81fe682-33a0-11f1-abe6-00155d1e4039 | O41: =_xlfn.CONCAT("insert into constituency (id, name, reserved, district_id, state_id, country_id, created_by) values('", D41, "', '", F41, "', '", H41, "', '", I41, "', '", J41, "', '", K41, "', 'system');") -> insert into constituency (id, name, reserved, district_id, state_id, country_id, created_by) values('fa9c0257-3e31-49db-a50c-7b979887595b', 'Dharapuram', 'SC', '13563db6-dce7-4b82-81dd-bac5d416110d', '68628c43-8739-40d7-ab55-923c9a0d6a7d', 'c81fe682-33a0-11f1-abe6-00155d1e4039', 'system'); | P41: Sholingur | Q41: b4afca63-3c36-494b-8f7a-308c74d24ef3 | R41: 39
D42: =VLOOKUP(F42,P:Q,2, FALSE) -> 336dc71b-ba67-4fd9-9c9c-8289c709cdf5 | E42: =VLOOKUP(F42,P:R,3, FALSE) -> 59 | F42: Dharmapuri | G42: assm | I42: 3a93651e-764f-48f3-8748-25b303c32304 | J42: 68628c43-8739-40d7-ab55-923c9a0d6a7d | K42: c81fe682-33a0-11f1-abe6-00155d1e4039 | O42: =_xlfn.CONCAT("insert into constituency (id, name, reserved, district_id, state_id, country_id, created_by) values('", D42, "', '", F42, "', '", H42, "', '", I42, "', '", J42, "', '", K42, "', 'system');") -> insert into constituency (id, name, reserved, district_id, state_id, country_id, created_by) values('336dc71b-ba67-4fd9-9c9c-8289c709cdf5', 'Dharmapuri', '', '3a93651e-764f-48f3-8748-25b303c32304', '68628c43-8739-40d7-ab55-923c9a0d6a7d', 'c81fe682-33a0-11f1-abe6-00155d1e4039', 'system'); | P42: Katpadi | Q42: 7d3c2063-3254-4d91-87ba-94a938cd420d | R42: 40
D43: =VLOOKUP(F43,P:Q,2, FALSE) -> 1b37722d-13a6-4ab0-95c1-bcd69378af2a | E43: =VLOOKUP(F43,P:R,3, FALSE) -> 132 | F43: Dindigul | G43: assm | I43: 69483f23-6312-4c39-826f-a058c83f421a | J43: 68628c43-8739-40d7-ab55-923c9a0d6a7d | K43: c81fe682-33a0-11f1-abe6-00155d1e4039 | O43: =_xlfn.CONCAT("insert into constituency (id, name, reserved, district_id, state_id, country_id, created_by) values('", D43, "', '", F43, "', '", H43, "', '", I43, "', '", J43, "', '", K43, "', 'system');") -> insert into constituency (id, name, reserved, district_id, state_id, country_id, created_by) values('1b37722d-13a6-4ab0-95c1-bcd69378af2a', 'Dindigul', '', '69483f23-6312-4c39-826f-a058c83f421a', '68628c43-8739-40d7-ab55-923c9a0d6a7d', 'c81fe682-33a0-11f1-abe6-00155d1e4039', 'system'); | P43: Ranipet | Q43: 91bc257e-4e16-4cbe-87e4-bd31f2f58413 | R43: 41
D44: =VLOOKUP(F44,P:Q,2, FALSE) -> 499ff327-af5f-4703-8e77-8a22e71fb2c3 | E44: =VLOOKUP(F44,P:R,3, FALSE) -> 11 | F44: Dr.Radhakrishnan Nagar | G44: assm | I44: 63cbd559-4eec-4e0e-b0fb-6381dfe6c073 | J44: 68628c43-8739-40d7-ab55-923c9a0d6a7d | K44: c81fe682-33a0-11f1-abe6-00155d1e4039 | O44: =_xlfn.CONCAT("insert into constituency (id, name, reserved, district_id, state_id, country_id, created_by) values('", D44, "', '", F44, "', '", H44, "', '", I44, "', '", J44, "', '", K44, "', 'system');") -> insert into constituency (id, name, reserved, district_id, state_id, country_id, created_by) values('499ff327-af5f-4703-8e77-8a22e71fb2c3', 'Dr.Radhakrishnan Nagar', '', '63cbd559-4eec-4e0e-b0fb-6381dfe6c073', '68628c43-8739-40d7-ab55-923c9a0d6a7d', 'c81fe682-33a0-11f1-abe6-00155d1e4039', 'system'); | P44: Arcot | Q44: 69fa24d2-050d-453c-9541-b00de0eddc10 | R44: 42
D45: =VLOOKUP(F45,P:Q,2, FALSE) -> d408a702-c8f3-49be-a2bb-7d42d05ecdbc | E45: =VLOOKUP(F45,P:R,3, FALSE) -> 86 | F45: Edappadi | G45: assm | I45: 62d629ce-cf5a-4c6c-9e52-d7fe59a7b356 | J45: 68628c43-8739-40d7-ab55-923c9a0d6a7d | K45: c81fe682-33a0-11f1-abe6-00155d1e4039 | O45: =_xlfn.CONCAT("insert into constituency (id, name, reserved, district_id, state_id, country_id, created_by) values('", D45, "', '", F45, "', '", H45, "', '", I45, "', '", J45, "', '", K45, "', 'system');") -> insert into constituency (id, name, reserved, district_id, state_id, country_id, created_by) values('d408a702-c8f3-49be-a2bb-7d42d05ecdbc', 'Edappadi', '', '62d629ce-cf5a-4c6c-9e52-d7fe59a7b356', '68628c43-8739-40d7-ab55-923c9a0d6a7d', 'c81fe682-33a0-11f1-abe6-00155d1e4039', 'system'); | P45: Vellore | Q45: bbd38966-3332-4d40-b099-95809a23a002 | R45: 43
D46: =VLOOKUP(F46,P:Q,2, FALSE) -> e9d7b055-673a-4a10-a667-ba540eb89569 | E46: =VLOOKUP(F46,P:R,3, FALSE) -> 16 | F46: Egmore | G46: assm | I46: 63cbd559-4eec-4e0e-b0fb-6381dfe6c073 | J46: 68628c43-8739-40d7-ab55-923c9a0d6a7d | K46: c81fe682-33a0-11f1-abe6-00155d1e4039 | O46: =_xlfn.CONCAT("insert into constituency (id, name, reserved, district_id, state_id, country_id, created_by) values('", D46, "', '", F46, "', '", H46, "', '", I46, "', '", J46, "', '", K46, "', 'system');") -> insert into constituency (id, name, reserved, district_id, state_id, country_id, created_by) values('e9d7b055-673a-4a10-a667-ba540eb89569', 'Egmore', '', '63cbd559-4eec-4e0e-b0fb-6381dfe6c073', '68628c43-8739-40d7-ab55-923c9a0d6a7d', 'c81fe682-33a0-11f1-abe6-00155d1e4039', 'system'); | P46: Anaikattu | Q46: ba90a866-2cf6-4c80-8721-b974b597081a | R46: 44
D47: =VLOOKUP(F47,P:Q,2, FALSE) -> e9bd3072-f627-4a14-9ade-769c9cdbdc8f | E47: =VLOOKUP(F47,P:R,3, FALSE) -> 98 | F47: Erode (East) | G47: assm | I47: e2efd18f-6894-41eb-a8db-08cdb7f21267 | J47: 68628c43-8739-40d7-ab55-923c9a0d6a7d | K47: c81fe682-33a0-11f1-abe6-00155d1e4039 | O47: =_xlfn.CONCAT("insert into constituency (id, name, reserved, district_id, state_id, country_id, created_by) values('", D47, "', '", F47, "', '", H47, "', '", I47, "', '", J47, "', '", K47, "', 'system');") -> insert into constituency (id, name, reserved, district_id, state_id, country_id, created_by) values('e9bd3072-f627-4a14-9ade-769c9cdbdc8f', 'Erode (East)', '', 'e2efd18f-6894-41eb-a8db-08cdb7f21267', '68628c43-8739-40d7-ab55-923c9a0d6a7d', 'c81fe682-33a0-11f1-abe6-00155d1e4039', 'system'); | P47: Kilvaithinankuppam | Q47: 48e297af-c1e7-4445-81b9-647a05a54b69 | R47: 45
D48: =VLOOKUP(F48,P:Q,2, FALSE) -> 3a17227d-9feb-4a4c-846b-2ebd9aa172e0 | E48: =VLOOKUP(F48,P:R,3, FALSE) -> 99 | F48: Erode (West) | G48: assm | I48: e2efd18f-6894-41eb-a8db-08cdb7f21267 | J48: 68628c43-8739-40d7-ab55-923c9a0d6a7d | K48: c81fe682-33a0-11f1-abe6-00155d1e4039 | O48: =_xlfn.CONCAT("insert into constituency (id, name, reserved, district_id, state_id, country_id, created_by) values('", D48, "', '", F48, "', '", H48, "', '", I48, "', '", J48, "', '", K48, "', 'system');") -> insert into constituency (id, name, reserved, district_id, state_id, country_id, created_by) values('3a17227d-9feb-4a4c-846b-2ebd9aa172e0', 'Erode (West)', '', 'e2efd18f-6894-41eb-a8db-08cdb7f21267', '68628c43-8739-40d7-ab55-923c9a0d6a7d', 'c81fe682-33a0-11f1-abe6-00155d1e4039', 'system'); | P48: Gudiyattam | Q48: e625c22d-241d-4470-b9ec-948e916e8566 | R48: 46
D49: =VLOOKUP(F49,P:Q,2, FALSE) -> 6cfb228b-7367-4a39-809f-b2447a152b8b | E49: =VLOOKUP(F49,P:R,3, FALSE) -> 178 | F49: Gandharvakottai | G49: assm | I49: 0fd86ea7-25eb-4f20-b4ad-2fe7dda7e382 | J49: 68628c43-8739-40d7-ab55-923c9a0d6a7d | K49: c81fe682-33a0-11f1-abe6-00155d1e4039 | O49: =_xlfn.CONCAT("insert into constituency (id, name, reserved, district_id, state_id, country_id, created_by) values('", D49, "', '", F49, "', '", H49, "', '", I49, "', '", J49, "', '", K49, "', 'system');") -> insert into constituency (id, name, reserved, district_id, state_id, country_id, created_by) values('6cfb228b-7367-4a39-809f-b2447a152b8b', 'Gandharvakottai', '', '0fd86ea7-25eb-4f20-b4ad-2fe7dda7e382', '68628c43-8739-40d7-ab55-923c9a0d6a7d', 'c81fe682-33a0-11f1-abe6-00155d1e4039', 'system'); | P49: Vaniyambadi | Q49: 1926d518-5b94-48d4-82de-efead8feaf8b | R49: 47
D50: =VLOOKUP(F50,P:Q,2, FALSE) -> 1408dd2e-83c1-460c-b277-9e25ab1cc26b | E50: =VLOOKUP(F50,P:R,3, FALSE) -> 81 | F50: Gangavalli | G50: assm | I50: 62d629ce-cf5a-4c6c-9e52-d7fe59a7b356 | J50: 68628c43-8739-40d7-ab55-923c9a0d6a7d | K50: c81fe682-33a0-11f1-abe6-00155d1e4039 | O50: =_xlfn.CONCAT("insert into constituency (id, name, reserved, district_id, state_id, country_id, created_by) values('", D50, "', '", F50, "', '", H50, "', '", I50, "', '", J50, "', '", K50, "', 'system');") -> insert into constituency (id, name, reserved, district_id, state_id, country_id, created_by) values('1408dd2e-83c1-460c-b277-9e25ab1cc26b', 'Gangavalli', '', '62d629ce-cf5a-4c6c-9e52-d7fe59a7b356', '68628c43-8739-40d7-ab55-923c9a0d6a7d', 'c81fe682-33a0-11f1-abe6-00155d1e4039', 'system'); | P50: Ambur | Q50: 6f8dcb00-c491-4184-a5f0-16d9308fed04 | R50: 48
D51: =VLOOKUP(F51,P:Q,2, FALSE) -> 4b93b543-e28b-49f6-be19-09de444d43d9 | E51: =VLOOKUP(F51,P:R,3, FALSE) -> 70 | F51: Gingee | G51: assm | I51: 3241e526-54ac-4d28-a7d3-0f1d3d3c30a9 | J51: 68628c43-8739-40d7-ab55-923c9a0d6a7d | K51: c81fe682-33a0-11f1-abe6-00155d1e4039 | O51: =_xlfn.CONCAT("insert into constituency (id, name, reserved, district_id, state_id, country_id, created_by) values('", D51, "', '", F51, "', '", H51, "', '", I51, "', '", J51, "', '", K51, "', 'system');") -> insert into constituency (id, name, reserved, district_id, state_id, country_id, created_by) values('4b93b543-e28b-49f6-be19-09de444d43d9', 'Gingee', '', '3241e526-54ac-4d28-a7d3-0f1d3d3c30a9', '68628c43-8739-40d7-ab55-923c9a0d6a7d', 'c81fe682-33a0-11f1-abe6-00155d1e4039', 'system'); | P51: Jolarpet | Q51: b0dc0d96-54ce-470e-85aa-e3ade2870c3f | R51: 49
D52: =VLOOKUP(F52,P:Q,2, FALSE) -> c292c31d-1fcf-415a-9722-c406181a076d | E52: =VLOOKUP(F52,P:R,3, FALSE) -> 106 | F52: Gobichettipalayam | G52: assm | I52: e2efd18f-6894-41eb-a8db-08cdb7f21267 | J52: 68628c43-8739-40d7-ab55-923c9a0d6a7d | K52: c81fe682-33a0-11f1-abe6-00155d1e4039 | O52: =_xlfn.CONCAT("insert into constituency (id, name, reserved, district_id, state_id, country_id, created_by) values('", D52, "', '", F52, "', '", H52, "', '", I52, "', '", J52, "', '", K52, "', 'system');") -> insert into constituency (id, name, reserved, district_id, state_id, country_id, created_by) values('c292c31d-1fcf-415a-9722-c406181a076d', 'Gobichettipalayam', '', 'e2efd18f-6894-41eb-a8db-08cdb7f21267', '68628c43-8739-40d7-ab55-923c9a0d6a7d', 'c81fe682-33a0-11f1-abe6-00155d1e4039', 'system'); | P52: Tirupattur | Q52: 7afb0c6b-7415-4a37-bc2f-52de9c9fb91c | R52: 50
D53: =VLOOKUP(F53,P:Q,2, FALSE) -> 5820f08f-f13a-4891-9337-5e0cf4569e58 | E53: =VLOOKUP(F53,P:R,3, FALSE) -> 109 | F53: Gudalur | G53: assm | I53: 411fa10a-e041-4683-875d-28df1d94b660 | J53: 68628c43-8739-40d7-ab55-923c9a0d6a7d | K53: c81fe682-33a0-11f1-abe6-00155d1e4039 | O53: =_xlfn.CONCAT("insert into constituency (id, name, reserved, district_id, state_id, country_id, created_by) values('", D53, "', '", F53, "', '", H53, "', '", I53, "', '", J53, "', '", K53, "', 'system');") -> insert into constituency (id, name, reserved, district_id, state_id, country_id, created_by) values('5820f08f-f13a-4891-9337-5e0cf4569e58', 'Gudalur', '', '411fa10a-e041-4683-875d-28df1d94b660', '68628c43-8739-40d7-ab55-923c9a0d6a7d', 'c81fe682-33a0-11f1-abe6-00155d1e4039', 'system'); | P53: Uthangarai | Q53: 4d245889-7db0-4c0c-9c75-8faa7ee90ad8 | R53: 51
... D69: =VLOOKUP(F69,P:Q,2, FALSE) -> 7d3c2063-3254-4d91-87ba-94a938cd420d | E69: =VLOOKUP(F69,P:R,3, FALSE) -> 40 | F69: Katpadi | G69: assm | I69: 56ded4ab-571b-4a09-914a-e6c00bd31ee5 | J69: 68628c43-8739-40d7-ab55-923c9a0d6a7d | K69: c81fe682-33a0-11f1-abe6-00155d1e4039 | O69: =_xlfn.CONCAT("insert into constituency (id, name, reserved, district_id, state_id, country_id, created_by) values('", D69, "', '", F69, "', '", H69, "', '", I69, "', '", J69, "', '", K69, "', 'system');") -> insert into constituency (id, name, reserved, district_id, state_id, country_id, created_by) values('7d3c2063-3254-4d91-87ba-94a938cd420d', 'Katpadi', '', '56ded4ab-571b-4a09-914a-e6c00bd31ee5', '68628c43-8739-40d7-ab55-923c9a0d6a7d', 'c81fe682-33a0-11f1-abe6-00155d1e4039', 'system'); | P69: Arani | Q69: 927e8d6e-1528-4cf4-8c57-48ab34fba5f3 | R69: 67
D70: =VLOOKUP(F70,P:Q,2, FALSE) -> 638ea284-7739-40f8-8db7-b26319b8d217 | E70: =VLOOKUP(F70,P:R,3, FALSE) -> 159 | F70: Kattumannarkoil | G70: assm | H70: SC | I70: 8e63bc03-1c9e-4f11-bfec-37eea3e8d2d1 | J70: 68628c43-8739-40d7-ab55-923c9a0d6a7d | K70: c81fe682-33a0-11f1-abe6-00155d1e4039 | O70: =_xlfn.CONCAT("insert into constituency (id, name, reserved, district_id, state_id, country_id, created_by) values('", D70, "', '", F70, "', '", H70, "', '", I70, "', '", J70, "', '", K70, "', 'system');") -> insert into constituency (id, name, reserved, district_id, state_id, country_id, created_by) values('638ea284-7739-40f8-8db7-b26319b8d217', 'Kattumannarkoil', 'SC', '8e63bc03-1c9e-4f11-bfec-37eea3e8d2d1', '68628c43-8739-40d7-ab55-923c9a0d6a7d', 'c81fe682-33a0-11f1-abe6-00155d1e4039', 'system'); | P70: Cheyyar | Q70: 05a929a2-e037-4326-9ca6-edd4a07104da | R70: 68
D71: =VLOOKUP(F71,P:Q,2, FALSE) -> 23960e10-1f55-431c-8fac-52d86db014fb | E71: =VLOOKUP(F71,P:R,3, FALSE) -> 117 | F71: Kavundampalayam | G71: assm | I71: fadd0541-32fa-4fb6-928b-1c74a1fd8686 | J71: 68628c43-8739-40d7-ab55-923c9a0d6a7d | K71: c81fe682-33a0-11f1-abe6-00155d1e4039 | O71: =_xlfn.CONCAT("insert into constituency (id, name, reserved, district_id, state_id, country_id, created_by) values('", D71, "', '", F71, "', '", H71, "', '", I71, "', '", J71, "', '", K71, "', 'system');") -> insert into constituency (id, name, reserved, district_id, state_id, country_id, created_by) values('23960e10-1f55-431c-8fac-52d86db014fb', 'Kavundampalayam', '', 'fadd0541-32fa-4fb6-928b-1c74a1fd8686', '68628c43-8739-40d7-ab55-923c9a0d6a7d', 'c81fe682-33a0-11f1-abe6-00155d1e4039', 'system'); | P71: Vandavasi | Q71: bf964304-b620-4492-b84b-a37afe3d6828 | R71: 69
D72: =VLOOKUP(F72,P:Q,2, FALSE) -> 227183fd-4356-4815-9f2b-51ccced152c5 | E72: =VLOOKUP(F72,P:R,3, FALSE) -> 234 | F72: Killiyoor | G72: assm | I72: ed2f933e-4515-4f49-901e-1047a9d1bb9f | J72: 68628c43-8739-40d7-ab55-923c9a0d6a7d | K72: c81fe682-33a0-11f1-abe6-00155d1e4039 | O72: =_xlfn.CONCAT("insert into constituency (id, name, reserved, district_id, state_id, country_id, created_by) values('", D72, "', '", F72, "', '", H72, "', '", I72, "', '", J72, "', '", K72, "', 'system');") -> insert into constituency (id, name, reserved, district_id, state_id, country_id, created_by) values('227183fd-4356-4815-9f2b-51ccced152c5', 'Killiyoor', '', 'ed2f933e-4515-4f49-901e-1047a9d1bb9f', '68628c43-8739-40d7-ab55-923c9a0d6a7d', 'c81fe682-33a0-11f1-abe6-00155d1e4039', 'system'); | P72: Gingee | Q72: 4b93b543-e28b-49f6-be19-09de444d43d9 | R72: 70
D73: =VLOOKUP(F73,P:Q,2, FALSE) -> 6b04d41e-2c58-4362-8361-6d269109772d | E73: =VLOOKUP(F73,P:R,3, FALSE) -> 64 | F73: Kilpennathur | G73: assm | I73: 2fd5e362-8a2e-4b90-8d5f-b71353a07527 | J73: 68628c43-8739-40d7-ab55-923c9a0d6a7d | K73: c81fe682-33a0-11f1-abe6-00155d1e4039 | O73: =_xlfn.CONCAT("insert into constituency (id, name, reserved, district_id, state_id, country_id, created_by) values('", D73, "', '", F73, "', '", H73, "', '", I73, "', '", J73, "', '", K73, "', 'system');") -> insert into constituency (id, name, reserved, district_id, state_id, country_id, created_by) values('6b04d41e-2c58-4362-8361-6d269109772d', 'Kilpennathur', '', '2fd5e362-8a2e-4b90-8d5f-b71353a07527', '68628c43-8739-40d7-ab55-923c9a0d6a7d', 'c81fe682-33a0-11f1-abe6-00155d1e4039', 'system'); | P73: Mailam | Q73: 39fdb7b9-0355-44d1-bdbc-414104cd536f | R73: 71
D74: =VLOOKUP(F74,P:Q,2, FALSE) -> 48e297af-c1e7-4445-81b9-647a05a54b69 | E74: =VLOOKUP(F74,P:R,3, FALSE) -> 45 | F74: Kilvaithinankuppam | G74: assm | I74: 56ded4ab-571b-4a09-914a-e6c00bd31ee5 | J74: 68628c43-8739-40d7-ab55-923c9a0d6a7d | K74: c81fe682-33a0-11f1-abe6-00155d1e4039 | O74: =_xlfn.CONCAT("insert into constituency (id, name, reserved, district_id, state_id, country_id, created_by) values('", D74, "', '", F74, "', '", H74, "', '", I74, "', '", J74, "', '", K74, "', 'system');") -> insert into constituency (id, name, reserved, district_id, state_id, country_id, created_by) values('48e297af-c1e7-4445-81b9-647a05a54b69', 'Kilvaithinankuppam', '', '56ded4ab-571b-4a09-914a-e6c00bd31ee5', '68628c43-8739-40d7-ab55-923c9a0d6a7d', 'c81fe682-33a0-11f1-abe6-00155d1e4039', 'system'); | P74: Tindivanam | Q74: 2e887ca2-b947-45eb-8086-fb5e05b9a2ac | R74: 72
D75: =VLOOKUP(F75,P:Q,2, FALSE) -> 561279b4-8257-4b07-ae5d-eaee5d7ad432 | E75: =VLOOKUP(F75,P:R,3, FALSE) -> 164 | F75: Kilvelur | G75: assm | I75: f13374c1-516b-4538-a8d9-502ee3b7559d | J75: 68628c43-8739-40d7-ab55-923c9a0d6a7d | K75: c81fe682-33a0-11f1-abe6-00155d1e4039 | O75: =_xlfn.CONCAT("insert into constituency (id, name, reserved, district_id, state_id, country_id, created_by) values('", D75, "', '", F75, "', '", H75, "', '", I75, "', '", J75, "', '", K75, "', 'system');") -> insert into constituency (id, name, reserved, district_id, state_id, country_id, created_by) values('561279b4-8257-4b07-ae5d-eaee5d7ad432', 'Kilvelur', '', 'f13374c1-516b-4538-a8d9-502ee3b7559d', '68628c43-8739-40d7-ab55-923c9a0d6a7d', 'c81fe682-33a0-11f1-abe6-00155d1e4039', 'system'); | P75: Vanur | Q75: adba051a-d82d-4fde-88a7-959f59373e57 | R75: 73
D76: =VLOOKUP(F76,P:Q,2, FALSE) -> 207f523d-5416-4b71-a91c-097bdfdcc999 | E76: =VLOOKUP(F76,P:R,3, FALSE) -> 122 | F76: Kinathukadavu | G76: assm | I76: fadd0541-32fa-4fb6-928b-1c74a1fd8686 | J76: 68628c43-8739-40d7-ab55-923c9a0d6a7d | K76: c81fe682-33a0-11f1-abe6-00155d1e4039 | O76: =_xlfn.CONCAT("insert into constituency (id, name, reserved, district_id, state_id, country_id, created_by) values('", D76, "', '", F76, "', '", H76, "', '", I76, "', '", J76, "', '", K76, "', 'system');") -> insert into constituency (id, name, reserved, district_id, state_id, country_id, created_by) values('207f523d-5416-4b71-a91c-097bdfdcc999', 'Kinathukadavu', '', 'fadd0541-32fa-4fb6-928b-1c74a1fd8686', '68628c43-8739-40d7-ab55-923c9a0d6a7d', 'c81fe682-33a0-11f1-abe6-00155d1e4039', 'system'); | P76: Villupuram | Q76: 363e9866-fcac-4b52-857f-6062751eeff0 | R76: 74
D77: =VLOOKUP(F77,P:Q,2, FALSE) -> 3236346d-b10c-4aff-9ce3-c46583b10191 | E77: =VLOOKUP(F77,P:R,3, FALSE) -> 13 | F77: Kolathur | G77: assm | I77: 63cbd559-4eec-4e0e-b0fb-6381dfe6c073 | J77: 68628c43-8739-40d7-ab55-923c9a0d6a7d | K77: c81fe682-33a0-11f1-abe6-00155d1e4039 | O77: =_xlfn.CONCAT("insert into constituency (id, name, reserved, district_id, state_id, country_id, created_by) values('", D77, "', '", F77, "', '", H77, "', '", I77, "', '", J77, "', '", K77, "', 'system');") -> insert into constituency (id, name, reserved, district_id, state_id, country_id, created_by) values('3236346d-b10c-4aff-9ce3-c46583b10191', 'Kolathur', '', '63cbd559-4eec-4e0e-b0fb-6381dfe6c073', '68628c43-8739-40d7-ab55-923c9a0d6a7d', 'c81fe682-33a0-11f1-abe6-00155d1e4039', 'system'); | P77: Vikravandi | Q77: a3e78c2b-9731-4faa-8345-1d7cc1512556 | R77: 75
D78: =VLOOKUP(F78,P:Q,2, FALSE) -> 76c4da7e-ded3-41ee-a4c5-181a26eb64cc | E78: =VLOOKUP(F78,P:R,3, FALSE) -> 218 | F78: Kovilpatti | G78: assm | I78: a1a0a7bc-5e63-4724-b6f5-606e6f15021d | J78: 68628c43-8739-40d7-ab55-923c9a0d6a7d | K78: c81fe682-33a0-11f1-abe6-00155d1e4039 | O78: =_xlfn.CONCAT("insert into constituency (id, name, reserved, district_id, state_id, country_id, created_by) values('", D78, "', '", F78, "', '", H78, "', '", I78, "', '", J78, "', '", K78, "', 'system');") -> insert into constituency (id, name, reserved, district_id, state_id, country_id, created_by) values('76c4da7e-ded3-41ee-a4c5-181a26eb64cc', 'Kovilpatti', '', 'a1a0a7bc-5e63-4724-b6f5-606e6f15021d', '68628c43-8739-40d7-ab55-923c9a0d6a7d', 'c81fe682-33a0-11f1-abe6-00155d1e4039', 'system'); | P78: Tirukkoyilur | Q78: 85e6b9e8-0c01-4f46-9868-969d2493a64d | R78: 76
D79: =VLOOKUP(F79,P:Q,2, FALSE) -> c29ae31c-868f-49d4-a9b3-cabbdf64b64b | E79: =VLOOKUP(F79,P:R,3, FALSE) -> 53 | F79: Krishnagiri | G79: assm | I79: 50ffbb0b-1865-4bf1-9af1-2af3f37ff5bd | J79: 68628c43-8739-40d7-ab55-923c9a0d6a7d | K79: c81fe682-33a0-11f1-abe6-00155d1e4039 | O79: =_xlfn.CONCAT("insert into constituency (id, name, reserved, district_id, state_id, country_id, created_by) values('", D79, "', '", F79, "', '", H79, "', '", I79, "', '", J79, "', '", K79, "', 'system');") -> insert into constituency (id, name, reserved, district_id, state_id, country_id, created_by) values('c29ae31c-868f-49d4-a9b3-cabbdf64b64b', 'Krishnagiri', '', '50ffbb0b-1865-4bf1-9af1-2af3f37ff5bd', '68628c43-8739-40d7-ab55-923c9a0d6a7d', 'c81fe682-33a0-11f1-abe6-00155d1e4039', 'system'); | P79: Ulundurpettai | Q79: e3dd1cb8-e46c-4c71-9dcd-b02c2ab1bd7d | R79: 77
D80: =VLOOKUP(F80,P:Q,2, FALSE) -> 44f818b8-851f-41f7-83de-f03680cb22a9 | E80: =VLOOKUP(F80,P:R,3, FALSE) -> 136 | F80: Krishnarayapuram | G80: assm | I80: 43e8d60c-0e2c-42f0-95d9-48b6ed30d923 | J80: 68628c43-8739-40d7-ab55-923c9a0d6a7d | K80: c81fe682-33a0-11f1-abe6-00155d1e4039 | O80: =_xlfn.CONCAT("insert into constituency (id, name, reserved, district_id, state_id, country_id, created_by) values('", D80, "', '", F80, "', '", H80, "', '", I80, "', '", J80, "', '", K80, "', 'system');") -> insert into constituency (id, name, reserved, district_id, state_id, country_id, created_by) values('44f818b8-851f-41f7-83de-f03680cb22a9', 'Krishnarayapuram', '', '43e8d60c-0e2c-42f0-95d9-48b6ed30d923', '68628c43-8739-40d7-ab55-923c9a0d6a7d', 'c81fe682-33a0-11f1-abe6-00155d1e4039', 'system'); | P80: Rishivandiyam | Q80: 9417a184-5784-445a-b39c-3483f11c2c82 | R80: 78
D81: =VLOOKUP(F81,P:Q,2, FALSE) -> 91d4c2be-72ce-4604-a53b-22a6267db2a9 | E81: =VLOOKUP(F81,P:R,3, FALSE) -> 137 | F81: Kulithalai | G81: assm | I81: 43e8d60c-0e2c-42f0-95d9-48b6ed30d923 | J81: 68628c43-8739-40d7-ab55-923c9a0d6a7d | K81: c81fe682-33a0-11f1-abe6-00155d1e4039 | O81: =_xlfn.CONCAT("insert into constituency (id, name, reserved, district_id, state_id, country_id, created_by) values('", D81, "', '", F81, "', '", H81, "', '", I81, "', '", J81, "', '", K81, "', 'system');") -> insert into constituency (id, name, reserved, district_id, state_id, country_id, created_by) values('91d4c2be-72ce-4604-a53b-22a6267db2a9', 'Kulithalai', '', '43e8d60c-0e2c-42f0-95d9-48b6ed30d923', '68628c43-8739-40d7-ab55-923c9a0d6a7d', 'c81fe682-33a0-11f1-abe6-00155d1e4039', 'system'); | P81: Sankarapuram | Q81: 28bdfc37-f707-4730-b99e-31623dba31de | R81: 79
D82: =VLOOKUP(F82,P:Q,2, FALSE) -> 5bd1c9c5-1a0f-4af9-8c14-cd642ad92c25 | E82: =VLOOKUP(F82,P:R,3, FALSE) -> 97 | F82: Kumarapalayam | G82: assm | I82: c4173481-1e2e-4675-900e-fdab918f8db9 | J82: 68628c43-8739-40d7-ab55-923c9a0d6a7d | K82: c81fe682-33a0-11f1-abe6-00155d1e4039 | O82: =_xlfn.CONCAT("insert into constituency (id, name, reserved, district_id, state_id, country_id, created_by) values('", D82, "', '", F82, "', '", H82, "', '", I82, "', '", J82, "', '", K82, "', 'system');") -> insert into constituency (id, name, reserved, district_id, state_id, country_id, created_by) values('5bd1c9c5-1a0f-4af9-8c14-cd642ad92c25', 'Kumarapalayam', '', 'c4173481-1e2e-4675-900e-fdab918f8db9', '68628c43-8739-40d7-ab55-923c9a0d6a7d', 'c81fe682-33a0-11f1-abe6-00155d1e4039', 'system'); | P82: Kallakurichi | Q82: 55330759-7d3f-435e-bc45-ef19986b9603 | R82: 80
... D208: =VLOOKUP(F208,P:Q,2, FALSE) -> 2fa2af64-ce4f-45b4-ad99-5593a3c00a27 | E208: =VLOOKUP(F208,P:R,3, FALSE) -> 63 | F208: Tiruvannamalai | G208: assm | I208: 2fd5e362-8a2e-4b90-8d5f-b71353a07527 | J208: 68628c43-8739-40d7-ab55-923c9a0d6a7d | K208: c81fe682-33a0-11f1-abe6-00155d1e4039 | O208: =_xlfn.CONCAT("insert into constituency (id, name, reserved, district_id, state_id, country_id, created_by) values('", D208, "', '", F208, "', '", H208, "', '", I208, "', '", J208, "', '", K208, "', 'system');") -> insert into constituency (id, name, reserved, district_id, state_id, country_id, created_by) values('2fa2af64-ce4f-45b4-ad99-5593a3c00a27', 'Tiruvannamalai', '', '2fd5e362-8a2e-4b90-8d5f-b71353a07527', '68628c43-8739-40d7-ab55-923c9a0d6a7d', 'c81fe682-33a0-11f1-abe6-00155d1e4039', 'system'); | P208: Virudhunagar | Q208: 88e10e74-c370-4e88-823f-f27f7c4431e3 | R208: 206
D209: =VLOOKUP(F209,P:Q,2, FALSE) -> 037744c8-f95a-4d70-a40f-01cdeda57659 | E209: =VLOOKUP(F209,P:R,3, FALSE) -> 151 | F209: Tittagudi | G209: assm | H209: SC | I209: 8e63bc03-1c9e-4f11-bfec-37eea3e8d2d1 | J209: 68628c43-8739-40d7-ab55-923c9a0d6a7d | K209: c81fe682-33a0-11f1-abe6-00155d1e4039 | O209: =_xlfn.CONCAT("insert into constituency (id, name, reserved, district_id, state_id, country_id, created_by) values('", D209, "', '", F209, "', '", H209, "', '", I209, "', '", J209, "', '", K209, "', 'system');") -> insert into constituency (id, name, reserved, district_id, state_id, country_id, created_by) values('037744c8-f95a-4d70-a40f-01cdeda57659', 'Tittagudi', 'SC', '8e63bc03-1c9e-4f11-bfec-37eea3e8d2d1', '68628c43-8739-40d7-ab55-923c9a0d6a7d', 'c81fe682-33a0-11f1-abe6-00155d1e4039', 'system'); | P209: Aruppukkottai | Q209: 024ea8ba-2436-4be7-99a0-fa14f7e99d78 | R209: 207
D210: =VLOOKUP(F210,P:Q,2, FALSE) -> 16763ecc-2564-4bca-a9e9-5bff8d701a06 | E210: =VLOOKUP(F210,P:R,3, FALSE) -> 108 | F210: Udhagamandalam | G210: assm | I210: 411fa10a-e041-4683-875d-28df1d94b660 | J210: 68628c43-8739-40d7-ab55-923c9a0d6a7d | K210: c81fe682-33a0-11f1-abe6-00155d1e4039 | O210: =_xlfn.CONCAT("insert into constituency (id, name, reserved, district_id, state_id, country_id, created_by) values('", D210, "', '", F210, "', '", H210, "', '", I210, "', '", J210, "', '", K210, "', 'system');") -> insert into constituency (id, name, reserved, district_id, state_id, country_id, created_by) values('16763ecc-2564-4bca-a9e9-5bff8d701a06', 'Udhagamandalam', '', '411fa10a-e041-4683-875d-28df1d94b660', '68628c43-8739-40d7-ab55-923c9a0d6a7d', 'c81fe682-33a0-11f1-abe6-00155d1e4039', 'system'); | P210: Tiruchuli | Q210: 341194af-8f09-42d0-8e8c-c5ff96cc182c | R210: 208
D211: =VLOOKUP(F211,P:Q,2, FALSE) -> 444f7dc5-ed5f-4888-a3ea-74f1043b55bc | E211: =VLOOKUP(F211,P:R,3, FALSE) -> 125 | F211: Udumalaipettai | G211: assm | I211: 13563db6-dce7-4b82-81dd-bac5d416110d | J211: 68628c43-8739-40d7-ab55-923c9a0d6a7d | K211: c81fe682-33a0-11f1-abe6-00155d1e4039 | O211: =_xlfn.CONCAT("insert into constituency (id, name, reserved, district_id, state_id, country_id, created_by) values('", D211, "', '", F211, "', '", H211, "', '", I211, "', '", J211, "', '", K211, "', 'system');") -> insert into constituency (id, name, reserved, district_id, state_id, country_id, created_by) values('444f7dc5-ed5f-4888-a3ea-74f1043b55bc', 'Udumalaipettai', '', '13563db6-dce7-4b82-81dd-bac5d416110d', '68628c43-8739-40d7-ab55-923c9a0d6a7d', 'c81fe682-33a0-11f1-abe6-00155d1e4039', 'system'); | P211: Paramakudi | Q211: 3c44f8af-18be-4f44-912f-8213b60e5ff9 | R211: 209
D212: =VLOOKUP(F212,P:Q,2, FALSE) -> e3dd1cb8-e46c-4c71-9dcd-b02c2ab1bd7d | E212: =VLOOKUP(F212,P:R,3, FALSE) -> 77 | F212: Ulundurpettai | G212: assm | I212: 3d64dbe1-2a99-4303-9307-175d56e6d9e6 | J212: 68628c43-8739-40d7-ab55-923c9a0d6a7d | K212: c81fe682-33a0-11f1-abe6-00155d1e4039 | O212: =_xlfn.CONCAT("insert into constituency (id, name, reserved, district_id, state_id, country_id, created_by) values('", D212, "', '", F212, "', '", H212, "', '", I212, "', '", J212, "', '", K212, "', 'system');") -> insert into constituency (id, name, reserved, district_id, state_id, country_id, created_by) values('e3dd1cb8-e46c-4c71-9dcd-b02c2ab1bd7d', 'Ulundurpettai', '', '3d64dbe1-2a99-4303-9307-175d56e6d9e6', '68628c43-8739-40d7-ab55-923c9a0d6a7d', 'c81fe682-33a0-11f1-abe6-00155d1e4039', 'system'); | P212: Tiruvadanai | Q212: d0d68cf3-4413-48c7-886e-8d4157d39781 | R212: 210
D213: =VLOOKUP(F213,P:Q,2, FALSE) -> ce8f7d3e-9541-4e61-8bfc-35172e9268f4 | E213: =VLOOKUP(F213,P:R,3, FALSE) -> 197 | F213: Usilampatti | G213: assm | I213: 892cee4a-7fb9-4377-ad35-2a19cd8e831e | J213: 68628c43-8739-40d7-ab55-923c9a0d6a7d | K213: c81fe682-33a0-11f1-abe6-00155d1e4039 | O213: =_xlfn.CONCAT("insert into constituency (id, name, reserved, district_id, state_id, country_id, created_by) values('", D213, "', '", F213, "', '", H213, "', '", I213, "', '", J213, "', '", K213, "', 'system');") -> insert into constituency (id, name, reserved, district_id, state_id, country_id, created_by) values('ce8f7d3e-9541-4e61-8bfc-35172e9268f4', 'Usilampatti', '', '892cee4a-7fb9-4377-ad35-2a19cd8e831e', '68628c43-8739-40d7-ab55-923c9a0d6a7d', 'c81fe682-33a0-11f1-abe6-00155d1e4039', 'system'); | P213: Ramanathapuram | Q213: a11bd5da-7528-4b3d-8e3c-931f20f42b7b | R213: 211
D214: =VLOOKUP(F214,P:Q,2, FALSE) -> 4d245889-7db0-4c0c-9c75-8faa7ee90ad8 | E214: =VLOOKUP(F214,P:R,3, FALSE) -> 51 | F214: Uthangarai | G214: assm | I214: 50ffbb0b-1865-4bf1-9af1-2af3f37ff5bd | J214: 68628c43-8739-40d7-ab55-923c9a0d6a7d | K214: c81fe682-33a0-11f1-abe6-00155d1e4039 | O214: =_xlfn.CONCAT("insert into constituency (id, name, reserved, district_id, state_id, country_id, created_by) values('", D214, "', '", F214, "', '", H214, "', '", I214, "', '", J214, "', '", K214, "', 'system');") -> insert into constituency (id, name, reserved, district_id, state_id, country_id, created_by) values('4d245889-7db0-4c0c-9c75-8faa7ee90ad8', 'Uthangarai', '', '50ffbb0b-1865-4bf1-9af1-2af3f37ff5bd', '68628c43-8739-40d7-ab55-923c9a0d6a7d', 'c81fe682-33a0-11f1-abe6-00155d1e4039', 'system'); | P214: Mudhukulathur | Q214: 0c206e3d-02a6-47f9-8aec-631f4ebbd613 | R214: 212
D215: =VLOOKUP(F215,P:Q,2, FALSE) -> 3c964927-68f7-4aa4-87c1-b126ac7d928c | E215: =VLOOKUP(F215,P:R,3, FALSE) -> 36 | F215: Uthiramerur | G215: assm | I215: a8c5de5c-8c96-4943-9ba3-6792f4a0c35b | J215: 68628c43-8739-40d7-ab55-923c9a0d6a7d | K215: c81fe682-33a0-11f1-abe6-00155d1e4039 | O215: =_xlfn.CONCAT("insert into constituency (id, name, reserved, district_id, state_id, country_id, created_by) values('", D215, "', '", F215, "', '", H215, "', '", I215, "', '", J215, "', '", K215, "', 'system');") -> insert into constituency (id, name, reserved, district_id, state_id, country_id, created_by) values('3c964927-68f7-4aa4-87c1-b126ac7d928c', 'Uthiramerur', '', 'a8c5de5c-8c96-4943-9ba3-6792f4a0c35b', '68628c43-8739-40d7-ab55-923c9a0d6a7d', 'c81fe682-33a0-11f1-abe6-00155d1e4039', 'system'); | P215: Vilathikulam | Q215: 99e0992e-2bdb-4787-81f2-12f4799afc52 | R215: 213
D216: =VLOOKUP(F216,P:Q,2, FALSE) -> de32b87a-82b7-4535-be27-d33e0dba47aa | E216: =VLOOKUP(F216,P:R,3, FALSE) -> 124 | F216: Valparai | G216: assm | I216: fadd0541-32fa-4fb6-928b-1c74a1fd8686 | J216: 68628c43-8739-40d7-ab55-923c9a0d6a7d | K216: c81fe682-33a0-11f1-abe6-00155d1e4039 | O216: =_xlfn.CONCAT("insert into constituency (id, name, reserved, district_id, state_id, country_id, created_by) values('", D216, "', '", F216, "', '", H216, "', '", I216, "', '", J216, "', '", K216, "', 'system');") -> insert into constituency (id, name, reserved, district_id, state_id, country_id, created_by) values('de32b87a-82b7-4535-be27-d33e0dba47aa', 'Valparai', '', 'fadd0541-32fa-4fb6-928b-1c74a1fd8686', '68628c43-8739-40d7-ab55-923c9a0d6a7d', 'c81fe682-33a0-11f1-abe6-00155d1e4039', 'system'); | P216: Thoothukkudi | Q216: 61864d92-50ea-4347-b4d5-adde3dc6789d | R216: 214
D217: =VLOOKUP(F217,P:Q,2, FALSE) -> bf964304-b620-4492-b84b-a37afe3d6828 | E217: =VLOOKUP(F217,P:R,3, FALSE) -> 69 | F217: Vandavasi | G217: assm | I217: 2fd5e362-8a2e-4b90-8d5f-b71353a07527 | J217: 68628c43-8739-40d7-ab55-923c9a0d6a7d | K217: c81fe682-33a0-11f1-abe6-00155d1e4039 | O217: =_xlfn.CONCAT("insert into constituency (id, name, reserved, district_id, state_id, country_id, created_by) values('", D217, "', '", F217, "', '", H217, "', '", I217, "', '", J217, "', '", K217, "', 'system');") -> insert into constituency (id, name, reserved, district_id, state_id, country_id, created_by) values('bf964304-b620-4492-b84b-a37afe3d6828', 'Vandavasi', '', '2fd5e362-8a2e-4b90-8d5f-b71353a07527', '68628c43-8739-40d7-ab55-923c9a0d6a7d', 'c81fe682-33a0-11f1-abe6-00155d1e4039', 'system'); | P217: Tiruchendur | Q217: c95d5ecf-d55d-4022-9f16-98198833356c | R217: 215
D218: =VLOOKUP(F218,P:Q,2, FALSE) -> 1926d518-5b94-48d4-82de-efead8feaf8b | E218: =VLOOKUP(F218,P:R,3, FALSE) -> 47 | F218: Vaniyambadi | G218: assm | I218: 9070969c-1cf1-48f9-b11b-e2e1caf2025d | J218: 68628c43-8739-40d7-ab55-923c9a0d6a7d | K218: c81fe682-33a0-11f1-abe6-00155d1e4039 | O218: =_xlfn.CONCAT("insert into constituency (id, name, reserved, district_id, state_id, country_id, created_by) values('", D218, "', '", F218, "', '", H218, "', '", I218, "', '", J218, "', '", K218, "', 'system');") -> insert into constituency (id, name, reserved, district_id, state_id, country_id, created_by) values('1926d518-5b94-48d4-82de-efead8feaf8b', 'Vaniyambadi', '', '9070969c-1cf1-48f9-b11b-e2e1caf2025d', '68628c43-8739-40d7-ab55-923c9a0d6a7d', 'c81fe682-33a0-11f1-abe6-00155d1e4039', 'system'); | P218: Srivaikuntam | Q218: 03534b4e-fa9b-4e05-b470-5c0c445041fc | R218: 216
D219: =VLOOKUP(F219,P:Q,2, FALSE) -> adba051a-d82d-4fde-88a7-959f59373e57 | E219: =VLOOKUP(F219,P:R,3, FALSE) -> 73 | F219: Vanur | G219: assm | I219: 3241e526-54ac-4d28-a7d3-0f1d3d3c30a9 | J219: 68628c43-8739-40d7-ab55-923c9a0d6a7d | K219: c81fe682-33a0-11f1-abe6-00155d1e4039 | O219: =_xlfn.CONCAT("insert into constituency (id, name, reserved, district_id, state_id, country_id, created_by) values('", D219, "', '", F219, "', '", H219, "', '", I219, "', '", J219, "', '", K219, "', 'system');") -> insert into constituency (id, name, reserved, district_id, state_id, country_id, created_by) values('adba051a-d82d-4fde-88a7-959f59373e57', 'Vanur', '', '3241e526-54ac-4d28-a7d3-0f1d3d3c30a9', '68628c43-8739-40d7-ab55-923c9a0d6a7d', 'c81fe682-33a0-11f1-abe6-00155d1e4039', 'system'); | P219: Ottapidaram | Q219: 8804e2ab-34a0-48b5-82e7-0ec4bb78f6e1 | R219: 217
D220: =VLOOKUP(F220,P:Q,2, FALSE) -> 39892844-e2b8-4e92-8a87-4541f8b7affc | E220: =VLOOKUP(F220,P:R,3, FALSE) -> 220 | F220: Vasudevanallur | G220: assm | I220: 16857f49-0ac0-41c8-b5f4-b745f6f98fe3 | J220: 68628c43-8739-40d7-ab55-923c9a0d6a7d | K220: c81fe682-33a0-11f1-abe6-00155d1e4039 | O220: =_xlfn.CONCAT("insert into constituency (id, name, reserved, district_id, state_id, country_id, created_by) values('", D220, "', '", F220, "', '", H220, "', '", I220, "', '", J220, "', '", K220, "', 'system');") -> insert into constituency (id, name, reserved, district_id, state_id, country_id, created_by) values('39892844-e2b8-4e92-8a87-4541f8b7affc', 'Vasudevanallur', '', '16857f49-0ac0-41c8-b5f4-b745f6f98fe3', '68628c43-8739-40d7-ab55-923c9a0d6a7d', 'c81fe682-33a0-11f1-abe6-00155d1e4039', 'system'); | P220: Kovilpatti | Q220: 76c4da7e-ded3-41ee-a4c5-181a26eb64cc | R220: 218
D221: =VLOOKUP(F221,P:Q,2, FALSE) -> 67362d10-5caf-4691-86e0-d613309725b2 | E221: =VLOOKUP(F221,P:R,3, FALSE) -> 165 | F221: Vedaranyam | G221: assm | I221: f13374c1-516b-4538-a8d9-502ee3b7559d | J221: 68628c43-8739-40d7-ab55-923c9a0d6a7d | K221: c81fe682-33a0-11f1-abe6-00155d1e4039 | O221: =_xlfn.CONCAT("insert into constituency (id, name, reserved, district_id, state_id, country_id, created_by) values('", D221, "', '", F221, "', '", H221, "', '", I221, "', '", J221, "', '", K221, "', 'system');") -> insert into constituency (id, name, reserved, district_id, state_id, country_id, created_by) values('67362d10-5caf-4691-86e0-d613309725b2', 'Vedaranyam', '', 'f13374c1-516b-4538-a8d9-502ee3b7559d', '68628c43-8739-40d7-ab55-923c9a0d6a7d', 'c81fe682-33a0-11f1-abe6-00155d1e4039', 'system'); | P221: Sankarankovil | Q221: 9bbc7dbc-e040-41ac-b830-603fc0d06b01 | R221: 219
... D236: =VLOOKUP(F236,P:Q,2, FALSE) -> a130686f-286f-4c66-b7e7-009baff7545e | E236: =VLOOKUP(F236,P:R,3, FALSE) -> 83 | F236: Yercaud | G236: assm | I236: 62d629ce-cf5a-4c6c-9e52-d7fe59a7b356 | J236: 68628c43-8739-40d7-ab55-923c9a0d6a7d | K236: c81fe682-33a0-11f1-abe6-00155d1e4039 | O236: =_xlfn.CONCAT("insert into constituency (id, name, reserved, district_id, state_id, country_id, created_by) values('", D236, "', '", F236, "', '", H236, "', '", I236, "', '", J236, "', '", K236, "', 'system');") -> insert into constituency (id, name, reserved, district_id, state_id, country_id, created_by) values('a130686f-286f-4c66-b7e7-009baff7545e', 'Yercaud', '', '62d629ce-cf5a-4c6c-9e52-d7fe59a7b356', '68628c43-8739-40d7-ab55-923c9a0d6a7d', 'c81fe682-33a0-11f1-abe6-00155d1e4039', 'system'); | P236: Killiyoor | Q236: 227183fd-4356-4815-9f2b-51ccced152c5 | R236: 234

Sheet Sheet12
E3: # | F3: Constituency | G3: Reserved | H3: Electors | I3: Change | J3: District | K3: Lok Sabha | L3: Constituency
A4: Cons | B4: District | H4: As per Feb 2026 SIR[4] | I4: Prev. Election | K4: constituency | L4: since | R4: code | S4: # id | T4: code | U4: name | V4: state_id | W4: country_id
A5: Alandur | B5: =VLOOKUP(A5,F:J, 5,FALSE) -> Chennai | C5: =VLOOKUP(B5, R:S,2,FALSE) -> 63cbd559-4eec-4e0e-b0fb-6381dfe6c073 | E5: 1 | F5: Gummidipoondi | G5: - | H5: 2,51,603 | I5: 0.1068 | J5: Thiruvallur | K5: Tiruvallur | L5: 1967 | P5: =VLOOKUP(J5,R:S,2,FALSE) -> 76168604-65fc-439f-8e23-05d731626567 | R5: Ariyalur | S5: 765638d5-e10a-48eb-8d27-f6d14840aae6 | T5: Ariyalur | U5: Ariyalur | V5: 68628c43-8739-40d7-ab55-923c9a0d6a7d | W5: 752c1be7-4c36-4d76-89a9-c77ae1774336
A6: Alangudi | B6: =VLOOKUP(A6,F:J, 5,FALSE) -> Pudukkottai | C6: =VLOOKUP(B6, R:S,2,FALSE) -> 0fd86ea7-25eb-4f20-b4ad-2fe7dda7e382 | E6: 2 | F6: Ponneri | G6: SC | H6: 2,48,917 | I6: 0.0689 | J6: Thiruvallur | K6: Tiruvallur | L6: 1952 | P6: =VLOOKUP(J6,R:S,2,FALSE) -> 76168604-65fc-439f-8e23-05d731626567 | R6: Chengalpattu | S6: 33b86357-1153-4e41-9b99-b9685e128df9 | T6: Chengalpattu | U6: Chengalpattu | V6: 68628c43-8739-40d7-ab55-923c9a0d6a7d | W6: 752c1be7-4c36-4d76-89a9-c77ae1774336
A7: Alangulam | B7: =VLOOKUP(A7,F:J, 5,FALSE) -> Tenkasi | C7: =VLOOKUP(B7, R:S,2,FALSE) -> 16857f49-0ac0-41c8-b5f4-b745f6f98fe3 | E7: 3 | F7: Tiruttani | G7: - | H7: 2,60,084 | I7: 0.1051 | J7: Thiruvallur | K7: Arakkonam | L7: 1952 | P7: =VLOOKUP(J7,R:S,2,FALSE) -> 76168604-65fc-439f-8e23-05d731626567 | R7: Chennai | S7: 63cbd559-4eec-4e0e-b0fb-6381dfe6c073 | T7: Chennai | U7: Chennai | V7: 68628c43-8739-40d7-ab55-923c9a0d6a7d | W7: 752c1be7-4c36-4d76-89a9-c77ae1774336
A8: Ambasamudram | B8: =VLOOKUP(A8,F:J, 5,FALSE) -> Tirunelveli | C8: =VLOOKUP(B8, R:S,2,FALSE) -> 6a1bb690-7bc3-47d8-9672-e2ba8682155e | E8: 4 | F8: Thiruvallur | G8: - | H8: 2,48,651 | I8: 0.0954 | J8: Thiruvallur | K8: Tiruvallur | L8: 1952 | P8: =VLOOKUP(J8,R:S,2,FALSE) -> 76168604-65fc-439f-8e23-05d731626567 | R8: Coimbatore | S8: fadd0541-32fa-4fb6-928b-1c74a1fd8686 | T8: Coimbatore | U8: Coimbatore | V8: 68628c43-8739-40d7-ab55-923c9a0d6a7d | W8: 752c1be7-4c36-4d76-89a9-c77ae1774336
A9: Ambattur | B9: =VLOOKUP(A9,F:J, 5,FALSE) -> Chennai | C9: =VLOOKUP(B9, R:S,2,FALSE) -> 63cbd559-4eec-4e0e-b0fb-6381dfe6c073 | E9: 5 | F9: Poonamallee | G9: SC | H9: 3,63,688 | I9: 1.62% | J9: Thiruvallur | K9: Tiruvallur | L9: 1977 | P9: =VLOOKUP(J9,R:S,2,FALSE) -> 76168604-65fc-439f-8e23-05d731626567 | R9: Cuddalore | S9: 8e63bc03-1c9e-4f11-bfec-37eea3e8d2d1 | T9: Cuddalore | U9: Cuddalore | V9: 68628c43-8739-40d7-ab55-923c9a0d6a7d | W9: 752c1be7-4c36-4d76-89a9-c77ae1774336
A10: Ambur | B10: =VLOOKUP(A10,F:J, 5,FALSE) -> Tirupathur | C10: =VLOOKUP(B10, R:S,2,FALSE) -> 9070969c-1cf1-48f9-b11b-e2e1caf2025d | E10: 6 | F10: Avadi | G10: - | H10: 4,28,772 | I10: 0.0348 | J10: Thiruvallur | K10: Tiruvallur | L10: 2011 | P10: =VLOOKUP(J10,R:S,2,FALSE) -> 76168604-65fc-439f-8e23-05d731626567 | R10: Dharmapuri | S10: 3a93651e-764f-48f3-8748-25b303c32304 | T10: Dharmapuri | U10: Dharmapuri | V10: 68628c43-8739-40d7-ab55-923c9a0d6a7d | W10: 752c1be7-4c36-4d76-89a9-c77ae1774336
A11: Anaikattu | B11: =VLOOKUP(A11,F:J, 5,FALSE) -> Vellore | C11: =VLOOKUP(B11, R:S,2,FALSE) -> 56ded4ab-571b-4a09-914a-e6c00bd31ee5 | E11: 7 | F11: Maduravoyal | G11: - | H11: 3,64,031 | I11: 0.1916 | J11: Chennai | K11: Sriperumbudur | L11: 2011 | P11: =VLOOKUP(J11,R:S,2,FALSE) -> 63cbd559-4eec-4e0e-b0fb-6381dfe6c073 | R11: Dindigul | S11: 69483f23-6312-4c39-826f-a058c83f421a | T11: Dindigul | U11: Dindigul | V11: 68628c43-8739-40d7-ab55-923c9a0d6a7d | W11: 752c1be7-4c36-4d76-89a9-c77ae1774336
A12: Andipatti | B12: =VLOOKUP(A12,F:J, 5,FALSE) -> Theni | C12: =VLOOKUP(B12, R:S,2,FALSE) -> 95f7baf3-92ec-4aae-a8d9-7a791a502c75 | E12: 8 | F12: Ambattur | G12: - | H12: 3,30,480 | I12: 0.1402 | J12: Chennai | K12: Sriperumbudur | L12: 2011 | P12: =VLOOKUP(J12,R:S,2,FALSE) -> 63cbd559-4eec-4e0e-b0fb-6381dfe6c073 | R12: Erode | S12: e2efd18f-6894-41eb-a8db-08cdb7f21267 | T12: Erode | U12: Erode | V12: 68628c43-8739-40d7-ab55-923c9a0d6a7d | W12: 752c1be7-4c36-4d76-89a9-c77ae1774336
A13: Anna Nagar | B13: =VLOOKUP(A13,F:J, 5,FALSE) -> Chennai | C13: =VLOOKUP(B13, R:S,2,FALSE) -> 63cbd559-4eec-4e0e-b0fb-6381dfe6c073 | E13: 9 | F13: Madavaram | G13: - | H13: 4,20,601 | I13: 0.0742 | J13: Chennai | K13: Tiruvallur | L13: 2011 | P13: =VLOOKUP(J13,R:S,2,FALSE) -> 63cbd559-4eec-4e0e-b0fb-6381dfe6c073 | R13: Kallakurichi | S13: 3d64dbe1-2a99-4303-9307-175d56e6d9e6 | T13: Kallakurichi | U13: Kallakurichi | V13: 68628c43-8739-40d7-ab55-923c9a0d6a7d | W13: 752c1be7-4c36-4d76-89a9-c77ae1774336
A14: Anthiyur | B14: =VLOOKUP(A14,F:J, 5,FALSE) -> Erode | C14: =VLOOKUP(B14, R:S,2,FALSE) -> e2efd18f-6894-41eb-a8db-08cdb7f21267 | E14: 10 | F14: Thiruvottiyur | G14: - | H14: 2,40,586 | I14: 0.2138 | J14: Chennai | K14: Chennai North | L14: 1967 | P14: =VLOOKUP(J14,R:S,2,FALSE) -> 63cbd559-4eec-4e0e-b0fb-6381dfe6c073 | R14: Kancheepuram | S14: a8c5de5c-8c96-4943-9ba3-6792f4a0c35b | T14: Kancheepuram | U14: Kancheepuram | V14: 68628c43-8739-40d7-ab55-923c9a0d6a7d | W14: 752c1be7-4c36-4d76-89a9-c77ae1774336
A15: Arakkonam | B15: =VLOOKUP(A15,F:J, 5,FALSE) -> Ranipet | C15: =VLOOKUP(B15, R:S,2,FALSE) -> 4fa55af9-22fb-4523-b6c5-1629a9db82a5 | E15: 11 | F15: Dr.Radhakrishnan Nagar | H15: 1,95,856 | I15: 0.2552 | J15: Chennai | K15: Chennai North | L15: 1977 | P15: =VLOOKUP(J15,R:S,2,FALSE) -> 63cbd559-4eec-4e0e-b0fb-6381dfe6c073 | R15: Kanyakumari | S15: ed2f933e-4515-4f49-901e-1047a9d1bb9f | T15: Kanyakumari | U15: Kanyakumari | V15: 68628c43-8739-40d7-ab55-923c9a0d6a7d | W15: 752c1be7-4c36-4d76-89a9-c77ae1774336
A16: Arani | B16: =VLOOKUP(A16,F:J, 5,FALSE) -> Tiruvannamalai | C16: =VLOOKUP(B16, R:S,2,FALSE) -> 2fd5e362-8a2e-4b90-8d5f-b71353a07527 | E16: 12 | F16: Perambur | G16: - | H16: 2,22,792 | I16: 0.2947 | J16: Chennai | K16: Chennai North | L16: 1952 | P16: =VLOOKUP(J16,R:S,2,FALSE) -> 63cbd559-4eec-4e0e-b0fb-6381dfe6c073 | R16: Karur | S16: 43e8d60c-0e2c-42f0-95d9-48b6ed30d923 | T16: Karur | U16: Karur | V16: 68628c43-8739-40d7-ab55-923c9a0d6a7d | W16: 752c1be7-4c36-4d76-89a9-c77ae1774336
A17: Aranthangi | B17: =VLOOKUP(A17,F:J, 5,FALSE) -> Pudukkottai | C17: =VLOOKUP(B17, R:S,2,FALSE) -> 0fd86ea7-25eb-4f20-b4ad-2fe7dda7e382 | E17: 13 | F17: Kolathur | G17: - | H17: 2,07,251 | I17: 0.2628 | J17: Chennai | K17: Chennai North | L17: 2011 | P17: =VLOOKUP(J17,R:S,2,FALSE) -> 63cbd559-4eec-4e0e-b0fb-6381dfe6c073 | R17: Krishnagiri | S17: 50ffbb0b-1865-4bf1-9af1-2af3f37ff5bd | T17: Krishnagiri | U17: Krishnagiri | V17: 68628c43-8739-40d7-ab55-923c9a0d6a7d | W17: 752c1be7-4c36-4d76-89a9-c77ae1774336
A18: Aravakurichi | B18: =VLOOKUP(A18,F:J, 5,FALSE) -> Karur | C18: =VLOOKUP(B18, R:S,2,FALSE) -> 43e8d60c-0e2c-42f0-95d9-48b6ed30d923 | E18: 14 | F18: Villivakkam | G18: - | H18: 1,59,764 | I18: 0.3742 | J18: Chennai | K18: Chennai Central | L18: 1977 | P18: =VLOOKUP(J18,R:S,2,FALSE) -> 63cbd559-4eec-4e0e-b0fb-6381dfe6c073 | R18: Madurai | S18: 892cee4a-7fb9-4377-ad35-2a19cd8e831e | T18: Madurai | U18: Madurai | V18: 68628c43-8739-40d7-ab55-923c9a0d6a7d | W18: 752c1be7-4c36-4d76-89a9-c77ae1774336
A19: Arcot | B19: =VLOOKUP(A19,F:J, 5,FALSE) -> Ranipet | C19: =VLOOKUP(B19, R:S,2,FALSE) -> 4fa55af9-22fb-4523-b6c5-1629a9db82a5 | E19: 15 | F19: Thiru-Vi-Ka-Nagar | G19: SC | H19: 1,78,793 | I19: 0.1851 | J19: Chennai | K19: Chennai North | L19: 2011 | P19: =VLOOKUP(J19,R:S,2,FALSE) -> 63cbd559-4eec-4e0e-b0fb-6381dfe6c073 | R19: Mayiladuthurai | S19: b9a7adbb-ccdb-412f-ae95-c0b8705d7444 | T19: Mayiladuthurai | U19: Mayiladuthurai | V19: 68628c43-8739-40d7-ab55-923c9a0d6a7d | W19: 752c1be7-4c36-4d76-89a9-c77ae1774336
A20: Ariyalur | B20: =VLOOKUP(A20,F:J, 5,FALSE) -> Ariyalur | C20: =VLOOKUP(B20, R:S,2,FALSE) -> 765638d5-e10a-48eb-8d27-f6d14840aae6 | E20: 16 | F20: Egmore | G20: SC | H20: 1,34,879 | I20: 0.5079 | J20: Chennai | K20: Chennai Central | L20: 1957 | P20: =VLOOKUP(J20,R:S,2,FALSE) -> 63cbd559-4eec-4e0e-b0fb-6381dfe6c073 | R20: Nagapattinam | S20: f13374c1-516b-4538-a8d9-502ee3b7559d | T20: Nagapattinam | U20: Nagapattinam | V20: 68628c43-8739-40d7-ab55-923c9a0d6a7d | W20: 752c1be7-4c36-4d76-89a9-c77ae1774336
A21: Aruppukkottai | B21: =VLOOKUP(A21,F:J, 5,FALSE) -> Virudhunagar | C21: =VLOOKUP(B21, R:S,2,FALSE) -> 6c99dc2a-7e9b-49e5-b090-58033936d735 | E21: 17 | F21: Royapuram | G21: - | H21: 1,56,931 | I21: 0.1853 | J21: Chennai | K21: Chennai North | L21: 1977 | P21: =VLOOKUP(J21,R:S,2,FALSE) -> 63cbd559-4eec-4e0e-b0fb-6381dfe6c073 | R21: Namakkal | S21: c4173481-1e2e-4675-900e-fdab918f8db9 | T21: Namakkal | U21: Namakkal | V21: 68628c43-8739-40d7-ab55-923c9a0d6a7d | W21: 752c1be7-4c36-4d76-89a9-c77ae1774336
A22: Athoor | B22: =VLOOKUP(A22,F:J, 5,FALSE) -> Dindigul | C22: =VLOOKUP(B22, R:S,2,FALSE) -> 69483f23-6312-4c39-826f-a058c83f421a | E22: 18 | F22: Harbour | G22: - | H22: 1,16,896 | I22: 0.3349 | J22: Chennai | K22: Chennai Central | L22: 1952 | P22: =VLOOKUP(J22,R:S,2,FALSE) -> 63cbd559-4eec-4e0e-b0fb-6381dfe6c073 | R22: Perambalur | S22: 25314415-663a-4244-9db1-5c2962868664 | T22: Perambalur | U22: Perambalur | V22: 68628c43-8739-40d7-ab55-923c9a0d6a7d | W22: 752c1be7-4c36-4d76-89a9-c77ae1774336
A23: Attur | B23: =VLOOKUP(A23,F:J, 5,FALSE) -> Salem | C23: =VLOOKUP(B23, R:S,2,FALSE) -> 62d629ce-cf5a-4c6c-9e52-d7fe59a7b356 | E23: 19 | F23: Chepauk-Thiruvallikeni | G23: - | H23: 1,63,866 | I23: 0.2999 | J23: Chennai | K23: Chennai Central | L23: 2011 | P23: =VLOOKUP(J23,R:S,2,FALSE) -> 63cbd559-4eec-4e0e-b0fb-6381dfe6c073 | R23: Pudukkottai | S23: 0fd86ea7-25eb-4f20-b4ad-2fe7dda7e382 | T23: Pudukkottai | U23: Pudukkottai | V23: 68628c43-8739-40d7-ab55-923c9a0d6a7d | W23: 752c1be7-4c36-4d76-89a9-c77ae1774336
A24: Avadi | B24: =VLOOKUP(A24,F:J, 5,FALSE) -> Thiruvallur | C24: =VLOOKUP(B24, R:S,2,FALSE) -> 76168604-65fc-439f-8e23-05d731626567 | E24: 20 | F24: Thousand Lights | G24: - | H24: 1,53,908 | I24: 0.3589 | J24: Chennai | K24: Chennai Central | L24: 1952 | P24: =VLOOKUP(J24,R:S,2,FALSE) -> 63cbd559-4eec-4e0e-b0fb-6381dfe6c073 | R24: Ramanathapuram | S24: 3f86a37b-6817-4dc5-babd-73c972962aca | T24: Ramanathapuram | U24: Ramanathapuram | V24: 68628c43-8739-40d7-ab55-923c9a0d6a7d | W24: 752c1be7-4c36-4d76-89a9-c77ae1774336
A25: Avanashi (SC) | B25: =VLOOKUP(A25,F:J, 5,FALSE) -> Tiruppur | C25: =VLOOKUP(B25, R:S,2,FALSE) -> 13563db6-dce7-4b82-81dd-bac5d416110d | E25: 21 | F25: Anna Nagar | G25: - | H25: 1,81,402 | I25: 0.3658 | J25: Chennai | K25: Chennai Central | L25: 1977 | P25: =VLOOKUP(J25,R:S,2,FALSE) -> 63cbd559-4eec-4e0e-b0fb-6381dfe6c073 | R25: Ranipet | S25: 4fa55af9-22fb-4523-b6c5-1629a9db82a5 | T25: Ranipet | U25: Ranipet | V25: 68628c43-8739-40d7-ab55-923c9a0d6a7d | W25: 752c1be7-4c36-4d76-89a9-c77ae1774336
A26: Bargur | B26: =VLOOKUP(A26,F:J, 5,FALSE) -> Krishnagiri | C26: =VLOOKUP(B26, R:S,2,FALSE) -> 50ffbb0b-1865-4bf1-9af1-2af3f37ff5bd | E26: 22 | F26: Virugampakkam | G26: - | H26: 1,96,536 | I26: 0.3261 | J26: Chennai | K26: Chennai South | L26: 2011 | P26: =VLOOKUP(J26,R:S,2,FALSE) -> 63cbd559-4eec-4e0e-b0fb-6381dfe6c073 | R26: Salem | S26: 62d629ce-cf5a-4c6c-9e52-d7fe59a7b356 | T26: Salem | U26: Salem | V26: 68628c43-8739-40d7-ab55-923c9a0d6a7d | W26: 752c1be7-4c36-4d76-89a9-c77ae1774336
A27: Bhavani | B27: =VLOOKUP(A27,F:J, 5,FALSE) -> Erode | C27: =VLOOKUP(B27, R:S,2,FALSE) -> e2efd18f-6894-41eb-a8db-08cdb7f21267 | E27: 23 | F27: Saidapet | G27: - | H27: 2,00,697 | I27: 0.2806 | J27: Chennai | K27: Chennai South | L27: 1952 | P27: =VLOOKUP(J27,R:S,2,FALSE) -> 63cbd559-4eec-4e0e-b0fb-6381dfe6c073 | R27: Sivagangai | S27: e11a7362-b58a-4c5c-b0ed-76a4d0e78e68 | T27: Sivagangai | U27: Sivagangai | V27: 68628c43-8739-40d7-ab55-923c9a0d6a7d | W27: 752c1be7-4c36-4d76-89a9-c77ae1774336
... A32: Chengam | B32: =VLOOKUP(A32,F:J, 5,FALSE) -> Tiruvannamalai | C32: =VLOOKUP(B32, R:S,2,FALSE) -> 2fd5e362-8a2e-4b90-8d5f-b71353a07527 | E32: 28 | F32: Alandur | G32: - | H32: 2,96,052 | I32: 0.239 | J32: Chennai | K32: Sriperumbudur | L32: 1977 | P32: =VLOOKUP(J32,R:S,2,FALSE) -> 63cbd559-4eec-4e0e-b0fb-6381dfe6c073 | R32: Thiruvallur | S32: 76168604-65fc-439f-8e23-05d731626567 | T32: Thiruvallur | U32: Thiruvallur | V32: 68628c43-8739-40d7-ab55-923c9a0d6a7d | W32: 752c1be7-4c36-4d76-89a9-c77ae1774336
A33: Chepauk-Thiruvallikeni | B33: =VLOOKUP(A33,F:J, 5,FALSE) -> Chennai | C33: =VLOOKUP(B33, R:S,2,FALSE) -> 63cbd559-4eec-4e0e-b0fb-6381dfe6c073 | E33: 29 | F33: Sriperumbudur | G33: SC | H33: 3,75,921 | I33: 5.83% | J33: Kancheepuram | K33: Sriperumbudur | L33: 1952 | P33: =VLOOKUP(J33,R:S,2,FALSE) -> a8c5de5c-8c96-4943-9ba3-6792f4a0c35b | R33: Thiruvarur | S33: 921e9373-3cfa-4f23-89c6-416c273980ac | T33: Thiruvarur | U33: Thiruvarur | V33: 68628c43-8739-40d7-ab55-923c9a0d6a7d | W33: 752c1be7-4c36-4d76-89a9-c77ae1774336
A34: Cheyyar | B34: =VLOOKUP(A34,F:J, 5,FALSE) -> Tiruvannamalai | C34: =VLOOKUP(B34, R:S,2,FALSE) -> 2fd5e362-8a2e-4b90-8d5f-b71353a07527 | E34: 30 | F34: Pallavaram | G34: - | H34: 3,30,217 | I34: 0.2429 | J34: Chengalpattu | K34: Sriperumbudur | L34: 2011 | P34: =VLOOKUP(J34,R:S,2,FALSE) -> 33b86357-1153-4e41-9b99-b9685e128df9 | R34: Thoothukudi | S34: a1a0a7bc-5e63-4724-b6f5-606e6f15021d | T34: Thoothukudi | U34: Thoothukudi | V34: 68628c43-8739-40d7-ab55-923c9a0d6a7d | W34: 752c1be7-4c36-4d76-89a9-c77ae1774336
A35: Cheyyur | B35: =VLOOKUP(A35,F:J, 5,FALSE) -> Chengalpattu | C35: =VLOOKUP(B35, R:S,2,FALSE) -> 33b86357-1153-4e41-9b99-b9685e128df9 | E35: 31 | F35: Tambaram | G35: - | H35: 3,23,677 | I35: 0.221 | J35: Chengalpattu | K35: Sriperumbudur | L35: 1977 | P35: =VLOOKUP(J35,R:S,2,FALSE) -> 33b86357-1153-4e41-9b99-b9685e128df9 | R35: Tiruchirappalli | S35: c94e37d8-fe96-4f52-8f19-579dad42775c | T35: Tiruchirappalli | U35: Tiruchirappalli | V35: 68628c43-8739-40d7-ab55-923c9a0d6a7d | W35: 752c1be7-4c36-4d76-89a9-c77ae1774336
A36: Chidambaram | B36: =VLOOKUP(A36,F:J, 5,FALSE) -> Cuddalore | C36: =VLOOKUP(B36, R:S,2,FALSE) -> 8e63bc03-1c9e-4f11-bfec-37eea3e8d2d1 | E36: 32 | F36: Chengalpattu | G36: - | H36: 3,66,400 | I36: 0.1447 | J36: Chengalpattu | K36: Kanchipuram | L36: 1952 | P36: =VLOOKUP(J36,R:S,2,FALSE) -> 33b86357-1153-4e41-9b99-b9685e128df9 | R36: Tirunelveli | S36: 6a1bb690-7bc3-47d8-9672-e2ba8682155e | T36: Tirunelveli | U36: Tirunelveli | V36: 68628c43-8739-40d7-ab55-923c9a0d6a7d | W36: 752c1be7-4c36-4d76-89a9-c77ae1774336
A37: Coimbatore (North) | B37: =VLOOKUP(A37,F:J, 5,FALSE) -> Coimbatore | C37: =VLOOKUP(B37, R:S,2,FALSE) -> fadd0541-32fa-4fb6-928b-1c74a1fd8686 | E37: 33 | F37: Thiruporur | G37: - | H37: 2,89,401 | I37: 0.0177 | J37: Chengalpattu | K37: Kanchipuram | L37: 1952 | P37: =VLOOKUP(J37,R:S,2,FALSE) -> 33b86357-1153-4e41-9b99-b9685e128df9 | R37: Tirupathur | S37: 9070969c-1cf1-48f9-b11b-e2e1caf2025d | T37: Tirupathur | U37: Tirupathur | V37: 68628c43-8739-40d7-ab55-923c9a0d6a7d | W37: 752c1be7-4c36-4d76-89a9-c77ae1774336
A38: Coimbatore (South) | B38: =VLOOKUP(A38,F:J, 5,FALSE) -> Coimbatore | C38: =VLOOKUP(B38, R:S,2,FALSE) -> fadd0541-32fa-4fb6-928b-1c74a1fd8686 | E38: 34 | F38: Cheyyur | G38: SC | H38: 2,02,055 | I38: 0.1115 | J38: Chengalpattu | K38: Kanchipuram | L38: 2011 | P38: =VLOOKUP(J38,R:S,2,FALSE) -> 33b86357-1153-4e41-9b99-b9685e128df9 | R38: Tiruppur | S38: 13563db6-dce7-4b82-81dd-bac5d416110d | T38: Tiruppur | U38: Tiruppur | V38: 68628c43-8739-40d7-ab55-923c9a0d6a7d | W38: 752c1be7-4c36-4d76-89a9-c77ae1774336
A39: Colachel | B39: =VLOOKUP(A39,F:J, 5,FALSE) -> Kanyakumari | C39: =VLOOKUP(B39, R:S,2,FALSE) -> ed2f933e-4515-4f49-901e-1047a9d1bb9f | E39: 35 | F39: Madurantakam | G39: SC | H39: 2,11,295 | I39: 0.0679 | J39: Chengalpattu | K39: Kanchipuram | L39: 1952 | P39: =VLOOKUP(J39,R:S,2,FALSE) -> 33b86357-1153-4e41-9b99-b9685e128df9 | R39: Tiruvannamalai | S39: 2fd5e362-8a2e-4b90-8d5f-b71353a07527 | T39: Tiruvannamalai | U39: Tiruvannamalai | V39: 68628c43-8739-40d7-ab55-923c9a0d6a7d | W39: 752c1be7-4c36-4d76-89a9-c77ae1774336
A40: Coonoor | B40: =VLOOKUP(A40,F:J, 5,FALSE) -> The Nilgiris | C40: =VLOOKUP(B40, R:S,2,FALSE) -> 411fa10a-e041-4683-875d-28df1d94b660 | E40: 36 | F40: Uthiramerur | G40: - | H40: 2,43,922 | I40: 0.0632 | J40: Kancheepuram | K40: Kanchipuram | L40: 1952 | P40: =VLOOKUP(J40,R:S,2,FALSE) -> a8c5de5c-8c96-4943-9ba3-6792f4a0c35b | R40: Vellore | S40: 56ded4ab-571b-4a09-914a-e6c00bd31ee5 | T40: Vellore | U40: Vellore | V40: 68628c43-8739-40d7-ab55-923c9a0d6a7d | W40: 752c1be7-4c36-4d76-89a9-c77ae1774336
A41: Cuddalore | B41: =VLOOKUP(A41,F:J, 5,FALSE) -> Cuddalore | C41: =VLOOKUP(B41, R:S,2,FALSE) -> 8e63bc03-1c9e-4f11-bfec-37eea3e8d2d1 | E41: 37 | F41: Kancheepuram | G41: - | H41: 2,76,299 | I41: 0.1062 | J41: Kancheepuram | K41: Kanchipuram | L41: 1952 | P41: =VLOOKUP(J41,R:S,2,FALSE) -> a8c5de5c-8c96-4943-9ba3-6792f4a0c35b | R41: Villupuram | S41: 3241e526-54ac-4d28-a7d3-0f1d3d3c30a9 | T41: Villupuram | U41: Villupuram | V41: 68628c43-8739-40d7-ab55-923c9a0d6a7d | W41: 752c1be7-4c36-4d76-89a9-c77ae1774336
A42: Cumbum | B42: =VLOOKUP(A42,F:J, 5,FALSE) -> Theni | C42: =VLOOKUP(B42, R:S,2,FALSE) -> 95f7baf3-92ec-4aae-a8d9-7a791a502c75 | E42: 38 | F42: Arakkonam | G42: SC | H42: 1,99,165 | I42: 0.0979 | J42: Ranipet | K42: Arakkonam | L42: 1952 | P42: =VLOOKUP(J42,R:S,2,FALSE) -> 4fa55af9-22fb-4523-b6c5-1629a9db82a5 | R42: Virudhunagar | S42: 6c99dc2a-7e9b-49e5-b090-58033936d735 | T42: Virudhunagar | U42: Virudhunagar | V42: 68628c43-8739-40d7-ab55-923c9a0d6a7d | W42: 752c1be7-4c36-4d76-89a9-c77ae1774336
A43: Dharapuram (SC) | B43: =VLOOKUP(A43,F:J, 5,FALSE) -> Tiruppur | C43: =VLOOKUP(B43, R:S,2,FALSE) -> 13563db6-dce7-4b82-81dd-bac5d416110d | E43: 39 | F43: Sholingur | G43: - | H43: 2,56,118 | I43: 0.0769 | J43: Ranipet | K43: Arakkonam | L43: 1952 | P43: =VLOOKUP(J43,R:S,2,FALSE) -> 4fa55af9-22fb-4523-b6c5-1629a9db82a5
A44: Dharmapuri | B44: =VLOOKUP(A44,F:J, 5,FALSE) -> Dharmapuri | C44: =VLOOKUP(B44, R:S,2,FALSE) -> 3a93651e-764f-48f3-8748-25b303c32304 | E44: 40 | F44: Katpadi | G44: - | H44: 2,25,809 | I44: 0.0916 | J44: Vellore | K44: Arakkonam | L44: 1962 | P44: =VLOOKUP(J44,R:S,2,FALSE) -> 56ded4ab-571b-4a09-914a-e6c00bd31ee5
A45: Dindigul | B45: =VLOOKUP(A45,F:J, 5,FALSE) -> Dindigul | C45: =VLOOKUP(B45, R:S,2,FALSE) -> 69483f23-6312-4c39-826f-a058c83f421a | E45: 41 | F45: Ranipet | G45: - | H45: 2,45,853 | I45: 0.0774 | J45: Ranipet | K45: Arakkonam | L45: 1952 | P45: =VLOOKUP(J45,R:S,2,FALSE) -> 4fa55af9-22fb-4523-b6c5-1629a9db82a5
A46: Dr.Radhakrishnan Nagar | B46: =VLOOKUP(A46,F:J, 5,FALSE) -> Chennai | C46: =VLOOKUP(B46, R:S,2,FALSE) -> 63cbd559-4eec-4e0e-b0fb-6381dfe6c073 | E46: 42 | F46: Arcot | G46: - | H46: 2,43,565 | I46: 0.072 | J46: Ranipet | K46: Arakkonam | L46: 1952 | P46: =VLOOKUP(J46,R:S,2,FALSE) -> 4fa55af9-22fb-4523-b6c5-1629a9db82a5
A47: Edappadi | B47: =VLOOKUP(A47,F:J, 5,FALSE) -> Salem | C47: =VLOOKUP(B47, R:S,2,FALSE) -> 62d629ce-cf5a-4c6c-9e52-d7fe59a7b356 | E47: 43 | F47: Vellore | G47: - | H47: 2,11,063 | I47: 0.1659 | J47: Vellore | K47: Vellore | L47: 1952 | P47: =VLOOKUP(J47,R:S,2,FALSE) -> 56ded4ab-571b-4a09-914a-e6c00bd31ee5
A48: Egmore | B48: =VLOOKUP(A48,F:J, 5,FALSE) -> Chennai | C48: =VLOOKUP(B48, R:S,2,FALSE) -> 63cbd559-4eec-4e0e-b0fb-6381dfe6c073 | E48: 44 | F48: Anaikattu | G48: - | H48: 2,34,738 | I48: 0.0779 | J48: Vellore | K48: Vellore | L48: 1977 | P48: =VLOOKUP(J48,R:S,2,FALSE) -> 56ded4ab-571b-4a09-914a-e6c00bd31ee5
A49: Erode (East) | B49: =VLOOKUP(A49,F:J, 5,FALSE) -> Erode | C49: =VLOOKUP(B49, R:S,2,FALSE) -> e2efd18f-6894-41eb-a8db-08cdb7f21267 | E49: 45 | F49: Kilvaithinankuppam | G49: SC | H49: 2,13,451 | I49: 0.0607 | J49: Vellore | K49: Vellore | L49: 2011 | P49: =VLOOKUP(J49,R:S,2,FALSE) -> 56ded4ab-571b-4a09-914a-e6c00bd31ee5
A50: Erode (West) | B50: =VLOOKUP(A50,F:J, 5,FALSE) -> Erode | C50: =VLOOKUP(B50, R:S,2,FALSE) -> e2efd18f-6894-41eb-a8db-08cdb7f21267 | E50: 46 | F50: Gudiyattam | G50: SC | H50: 2,48,526 | I50: 0.1421 | J50: Vellore | K50: Vellore | L50: 1952 | P50: =VLOOKUP(J50,R:S,2,FALSE) -> 56ded4ab-571b-4a09-914a-e6c00bd31ee5
A51: Gandharvakottai | B51: =VLOOKUP(A51,F:J, 5,FALSE) -> Pudukkottai | C51: =VLOOKUP(B51, R:S,2,FALSE) -> 0fd86ea7-25eb-4f20-b4ad-2fe7dda7e382 | E51: 47 | F51: Vaniyambadi | G51: - | H51: 2,40,220 | I51: 0.0366 | J51: Tirupathur | K51: Vellore | L51: 1952 | P51: =VLOOKUP(J51,R:S,2,FALSE) -> 9070969c-1cf1-48f9-b11b-e2e1caf2025d
A52: Gangavalli | B52: =VLOOKUP(A52,F:J, 5,FALSE) -> Salem | C52: =VLOOKUP(B52, R:S,2,FALSE) -> 62d629ce-cf5a-4c6c-9e52-d7fe59a7b356 | E52: 48 | F52: Ambur | G52: - | H52: 2,12,631 | I52: 0.1066 | J52: Tirupathur | K52: Vellore | L52: 1957 | P52: =VLOOKUP(J52,R:S,2,FALSE) -> 9070969c-1cf1-48f9-b11b-e2e1caf2025d
A53: Gingee | B53: =VLOOKUP(A53,F:J, 5,FALSE) -> Villupuram | C53: =VLOOKUP(B53, R:S,2,FALSE) -> 3241e526-54ac-4d28-a7d3-0f1d3d3c30a9 | E53: 49 | F53: Jolarpet | G53: - | H53: 2,33,830 | I53: 0.0233 | J53: Tirupathur | K53: Tiruvannamalai | L53: 2011 | P53: =VLOOKUP(J53,R:S,2,FALSE) -> 9070969c-1cf1-48f9-b11b-e2e1caf2025d
A54: Gobichettipalayam | B54: =VLOOKUP(A54,F:J, 5,FALSE) -> Erode | C54: =VLOOKUP(B54, R:S,2,FALSE) -> e2efd18f-6894-41eb-a8db-08cdb7f21267 | E54: 50 | F54: Tiruppattur | G54: - | H54: 2,24,918 | I54: 0.0571 | J54: Tirupathur | K54: Tiruvannamalai | L54: 1952 | P54: =VLOOKUP(J54,R:S,2,FALSE) -> 9070969c-1cf1-48f9-b11b-e2e1caf2025d
... A60: Hosur | B60: =VLOOKUP(A60,F:J, 5,FALSE) -> Krishnagiri | C60: =VLOOKUP(B60, R:S,2,FALSE) -> 50ffbb0b-1865-4bf1-9af1-2af3f37ff5bd | E60: 56 | F60: Thalli | G60: - | H60: 2,35,984 | I60: 0.0605 | J60: Krishnagiri | K60: Krishnagiri | L60: 1977 | P60: =VLOOKUP(J60,R:S,2,FALSE) -> 50ffbb0b-1865-4bf1-9af1-2af3f37ff5bd
A61: Jayankondam | B61: =VLOOKUP(A61,F:J, 5,FALSE) -> Ariyalur | C61: =VLOOKUP(B61, R:S,2,FALSE) -> 765638d5-e10a-48eb-8d27-f6d14840aae6 | E61: 57 | F61: Palacode | G61: - | H61: 2,37,476 | I61: 0.04% | J61: Dharmapuri | K61: Dharamapuri | L61: 1967 | P61: =VLOOKUP(J61,R:S,2,FALSE) -> 3a93651e-764f-48f3-8748-25b303c32304
A62: Jolarpet | B62: =VLOOKUP(A62,F:J, 5,FALSE) -> Tirupathur | C62: =VLOOKUP(B62, R:S,2,FALSE) -> 9070969c-1cf1-48f9-b11b-e2e1caf2025d | E62: 58 | F62: Pennagaram | G62: - | H62: 2,46,293 | I62: 0.0019 | J62: Dharmapuri | K62: Dharamapuri | L62: 1952 | P62: =VLOOKUP(J62,R:S,2,FALSE) -> 3a93651e-764f-48f3-8748-25b303c32304
A63: Kadayanallur | B63: =VLOOKUP(A63,F:J, 5,FALSE) -> Tenkasi | C63: =VLOOKUP(B63, R:S,2,FALSE) -> 16857f49-0ac0-41c8-b5f4-b745f6f98fe3 | E63: 59 | F63: Dharmapuri | G63: - | H63: 2,57,939 | I63: 0.043 | J63: Dharmapuri | K63: Dharamapuri | L63: 1952 | P63: =VLOOKUP(J63,R:S,2,FALSE) -> 3a93651e-764f-48f3-8748-25b303c32304
A64: Kalasapakkam | B64: =VLOOKUP(A64,F:J, 5,FALSE) -> Tiruvannamalai | C64: =VLOOKUP(B64, R:S,2,FALSE) -> 2fd5e362-8a2e-4b90-8d5f-b71353a07527 | E64: 60 | F64: Pappireddippatti | G64: - | H64: 2,54,658 | I64: 0.0408 | J64: Dharmapuri | K64: Dharamapuri | L64: 2011 | P64: =VLOOKUP(J64,R:S,2,FALSE) -> 3a93651e-764f-48f3-8748-25b303c32304
A65: Kallakurichi | B65: =VLOOKUP(A65,F:J, 5,FALSE) -> Kallakurichi | C65: =VLOOKUP(B65, R:S,2,FALSE) -> 3d64dbe1-2a99-4303-9307-175d56e6d9e6 | E65: 61 | F65: Harur | G65: SC | H65: 2,43,742 | I65: 0.0255 | J65: Dharmapuri | K65: Dharamapuri | L65: 1952 | P65: =VLOOKUP(J65,R:S,2,FALSE) -> 3a93651e-764f-48f3-8748-25b303c32304
A66: Kancheepuram | B66: =VLOOKUP(A66,F:J, 5,FALSE) -> Kancheepuram | C66: =VLOOKUP(B66, R:S,2,FALSE) -> a8c5de5c-8c96-4943-9ba3-6792f4a0c35b | E66: 62 | F66: Chengam | G66: SC | H66: 2,66,629 | I66: 0.0303 | J66: Tiruvannamalai | K66: Tiruvannamalai | L66: 1952 | P66: =VLOOKUP(J66,R:S,2,FALSE) -> 2fd5e362-8a2e-4b90-8d5f-b71353a07527
A67: Kangayam | B67: =VLOOKUP(A67,F:J, 5,FALSE) -> Tiruppur | C67: =VLOOKUP(B67, R:S,2,FALSE) -> 13563db6-dce7-4b82-81dd-bac5d416110d | E67: 63 | F67: Tiruvannamalai | G67: - | H67: 2,47,309 | I67: 0.1364 | J67: Tiruvannamalai | K67: Tiruvannamalai | L67: 1957 | P67: =VLOOKUP(J67,R:S,2,FALSE) -> 2fd5e362-8a2e-4b90-8d5f-b71353a07527
A68: Kanniyakumari | B68: =VLOOKUP(A68,F:J, 5,FALSE) -> Kanyakumari | C68: =VLOOKUP(B68, R:S,2,FALSE) -> ed2f933e-4515-4f49-901e-1047a9d1bb9f | E68: 64 | F68: Kilpennathur | G68: - | H68: 2,38,913 | I68: 0.0561 | J68: Tiruvannamalai | K68: Tiruvannamalai | L68: 2011 | P68: =VLOOKUP(J68,R:S,2,FALSE) -> 2fd5e362-8a2e-4b90-8d5f-b71353a07527
A69: Karaikudi | B69: =VLOOKUP(A69,F:J, 5,FALSE) -> Sivagangai | C69: =VLOOKUP(B69, R:S,2,FALSE) -> e11a7362-b58a-4c5c-b0ed-76a4d0e78e68 | E69: 65 | F69: Kalasapakkam | G69: - | H69: 2,30,766 | I69: 0.0496 | J69: Tiruvannamalai | K69: Tiruvannamalai | L69: 1952 | P69: =VLOOKUP(J69,R:S,2,FALSE) -> 2fd5e362-8a2e-4b90-8d5f-b71353a07527
A70: Karur | B70: =VLOOKUP(A70,F:J, 5,FALSE) -> Karur | C70: =VLOOKUP(B70, R:S,2,FALSE) -> 43e8d60c-0e2c-42f0-95d9-48b6ed30d923 | E70: 66 | F70: Polur | G70: - | H70: 2,32,426 | I70: 0.0468 | J70: Tiruvannamalai | K70: Arani | L70: 1952 | P70: =VLOOKUP(J70,R:S,2,FALSE) -> 2fd5e362-8a2e-4b90-8d5f-b71353a07527
A71: Katpadi | B71: =VLOOKUP(A71,F:J, 5,FALSE) -> Vellore | C71: =VLOOKUP(B71, R:S,2,FALSE) -> 56ded4ab-571b-4a09-914a-e6c00bd31ee5 | E71: 67 | F71: Arani | G71: - | H71: 2,53,022 | I71: 0.0836 | J71: Tiruvannamalai | K71: Arani | L71: 1952 | P71: =VLOOKUP(J71,R:S,2,FALSE) -> 2fd5e362-8a2e-4b90-8d5f-b71353a07527
A72: Kattumannarkoil(SC) | B72: =VLOOKUP(A72,F:J, 5,FALSE) -> Cuddalore | C72: =VLOOKUP(B72, R:S,2,FALSE) -> 8e63bc03-1c9e-4f11-bfec-37eea3e8d2d1 | E72: 68 | F72: Cheyyar | G72: - | H72: 2,38,283 | I72: 0.0831 | J72: Tiruvannamalai | K72: Arani | L72: 1952 | P72: =VLOOKUP(J72,R:S,2,FALSE) -> 2fd5e362-8a2e-4b90-8d5f-b71353a07527
A73: Kavundampalayam | B73: =VLOOKUP(A73,F:J, 5,FALSE) -> Coimbatore | C73: =VLOOKUP(B73, R:S,2,FALSE) -> fadd0541-32fa-4fb6-928b-1c74a1fd8686 | E73: 69 | F73: Vandavasi | G73: SC | H73: 2,11,811 | I73: 0.1194 | J73: Tiruvannamalai | K73: Arani | L73: 1952 | P73: =VLOOKUP(J73,R:S,2,FALSE) -> 2fd5e362-8a2e-4b90-8d5f-b71353a07527
... A80: Kovilpatti | B80: =VLOOKUP(A80,F:J, 5,FALSE) -> Thoothukudi | C80: =VLOOKUP(B80, R:S,2,FALSE) -> a1a0a7bc-5e63-4724-b6f5-606e6f15021d | E80: 76 | F80: Tirukkoyilur | G80: - | H80: 2,41,003 | I80: 0.0523 | J80: Kallakurichi | K80: Viluppuram | L80: 1952 | P80: =VLOOKUP(J80,R:S,2,FALSE) -> 3d64dbe1-2a99-4303-9307-175d56e6d9e6
A81: Krishnagiri | B81: =VLOOKUP(A81,F:J, 5,FALSE) -> Krishnagiri | C81: =VLOOKUP(B81, R:S,2,FALSE) -> 50ffbb0b-1865-4bf1-9af1-2af3f37ff5bd | E81: 77 | F81: Ulundurpettai | G81: - | H81: 2,97,472 | I81: 1.40% | J81: Kallakurichi | K81: Viluppuram | L81: 1952 | P81: =VLOOKUP(J81,R:S,2,FALSE) -> 3d64dbe1-2a99-4303-9307-175d56e6d9e6
A82: Krishnarayapuram | B82: =VLOOKUP(A82,F:J, 5,FALSE) -> Karur | C82: =VLOOKUP(B82, R:S,2,FALSE) -> 43e8d60c-0e2c-42f0-95d9-48b6ed30d923 | E82: 78 | F82: Rishivandiyam | G82: - | H82: 2,70,541 | I82: 0.86% | J82: Kallakurichi | K82: Kallakurichi | L82: 1962 | P82: =VLOOKUP(J82,R:S,2,FALSE) -> 3d64dbe1-2a99-4303-9307-175d56e6d9e6
A83: Kulithalai | B83: =VLOOKUP(A83,F:J, 5,FALSE) -> Karur | C83: =VLOOKUP(B83, R:S,2,FALSE) -> 43e8d60c-0e2c-42f0-95d9-48b6ed30d923 | E83: 79 | F83: Sankarapuram | G83: - | H83: 2,63,136 | I83: 0.0201 | J83: Kallakurichi | K83: Kallakurichi | L83: 1962 | P83: =VLOOKUP(J83,R:S,2,FALSE) -> 3d64dbe1-2a99-4303-9307-175d56e6d9e6
A84: Kumarapalayam | B84: =VLOOKUP(A84,F:J, 5,FALSE) -> Namakkal | C84: =VLOOKUP(B84, R:S,2,FALSE) -> c4173481-1e2e-4675-900e-fdab918f8db9 | E84: 80 | F84: Kallakurichi | G84: SC | H84: 2,78,762 | I84: 0.0274 | J84: Kallakurichi | K84: Kallakurichi | L84: 1952 | P84: =VLOOKUP(J84,R:S,2,FALSE) -> 3d64dbe1-2a99-4303-9307-175d56e6d9e6
A85: Kumbakonam | B85: =VLOOKUP(A85,F:J, 5,FALSE) -> Thanjavur | C85: =VLOOKUP(B85, R:S,2,FALSE) -> 3db015df-eb65-405f-8488-eea72eb6e087 | E85: 81 | F85: Gangavalli | G85: SC | H85: 2,16,794 | I85: 0.0928 | J85: Salem | K85: Kallakurichi | L85: 2011 | P85: =VLOOKUP(J85,R:S,2,FALSE) -> 62d629ce-cf5a-4c6c-9e52-d7fe59a7b356
A86: Kunnam | B86: =VLOOKUP(A86,F:J, 5,FALSE) -> Perambalur | C86: =VLOOKUP(B86, R:S,2,FALSE) -> 25314415-663a-4244-9db1-5c2962868664 | E86: 82 | F86: Attur | G86: SC | H86: 2,26,481 | I86: 0.1108 | J86: Salem | K86: Kallakurichi | L86: 1952 | P86: =VLOOKUP(J86,R:S,2,FALSE) -> 62d629ce-cf5a-4c6c-9e52-d7fe59a7b356
A87: Kurinjipadi | B87: =VLOOKUP(A87,F:J, 5,FALSE) -> Cuddalore | C87: =VLOOKUP(B87, R:S,2,FALSE) -> 8e63bc03-1c9e-4f11-bfec-37eea3e8d2d1 | E87: 83 | F87: Yercaud | G87: ST | H87: 2,70,529 | I87: 0.0475 | J87: Salem | K87: Kallakurichi | L87: 1957 | P87: =VLOOKUP(J87,R:S,2,FALSE) -> 62d629ce-cf5a-4c6c-9e52-d7fe59a7b356
A88: Lalgudi | B88: =VLOOKUP(A88,F:J, 5,FALSE) -> Tiruchirappalli | C88: =VLOOKUP(B88, R:S,2,FALSE) -> c94e37d8-fe96-4f52-8f19-579dad42775c | E88: 84 | F88: Omalur | G88: - | H88: 2,91,866 | I88: 0.0136 | J88: Salem | K88: Salem | L88: 1952 | P88: =VLOOKUP(J88,R:S,2,FALSE) -> 62d629ce-cf5a-4c6c-9e52-d7fe59a7b356
A89: Madathukulam | B89: =VLOOKUP(A89,F:J, 5,FALSE) -> Tiruppur | C89: =VLOOKUP(B89, R:S,2,FALSE) -> 13563db6-dce7-4b82-81dd-bac5d416110d | E89: 85 | F89: Mettur | G89: - | H89: 2,53,445 | I89: 0.1157 | J89: Salem | K89: Dharamapuri | L89: 1957 | P89: =VLOOKUP(J89,R:S,2,FALSE) -> 62d629ce-cf5a-4c6c-9e52-d7fe59a7b356
A90: Madavaram | B90: =VLOOKUP(A90,F:J, 5,FALSE) -> Chennai | C90: =VLOOKUP(B90, R:S,2,FALSE) -> 63cbd559-4eec-4e0e-b0fb-6381dfe6c073 | E90: 86 | F90: Edappadi | G90: - | H90: 2,74,054 | I90: 0.0391 | J90: Salem | K90: Salem | L90: 1952 | P90: =VLOOKUP(J90,R:S,2,FALSE) -> 62d629ce-cf5a-4c6c-9e52-d7fe59a7b356
A91: Madurai Central | B91: =VLOOKUP(A91,F:J, 5,FALSE) -> Madurai | C91: =VLOOKUP(B91, R:S,2,FALSE) -> 892cee4a-7fb9-4377-ad35-2a19cd8e831e | E91: 87 | F91: Sankari | G91: - | H91: 2,58,678 | I91: 0.0567 | J91: Salem | K91: Namakkal | L91: 1957 | P91: =VLOOKUP(J91,R:S,2,FALSE) -> 62d629ce-cf5a-4c6c-9e52-d7fe59a7b356
A92: Madurai East | B92: =VLOOKUP(A92,F:J, 5,FALSE) -> Madurai | C92: =VLOOKUP(B92, R:S,2,FALSE) -> 892cee4a-7fb9-4377-ad35-2a19cd8e831e | E92: 88 | F92: Salem (West) | G92: - | H92: 2,55,320 | I92: 0.1478 | J92: Salem | K92: Salem | L92: 2011 | P92: =VLOOKUP(J92,R:S,2,FALSE) -> 62d629ce-cf5a-4c6c-9e52-d7fe59a7b356
A93: Madurai North | B93: =VLOOKUP(A93,F:J, 5,FALSE) -> Madurai | C93: =VLOOKUP(B93, R:S,2,FALSE) -> 892cee4a-7fb9-4377-ad35-2a19cd8e831e | E93: 89 | F93: Salem (North) | G93: - | H93: 2,36,088 | I93: 0.1447 | J93: Salem | K93: Salem | L93: 2011 | P93: =VLOOKUP(J93,R:S,2,FALSE) -> 62d629ce-cf5a-4c6c-9e52-d7fe59a7b356
A94: Madurai South | B94: =VLOOKUP(A94,F:J, 5,FALSE) -> Madurai | C94: =VLOOKUP(B94, R:S,2,FALSE) -> 892cee4a-7fb9-4377-ad35-2a19cd8e831e | E94: 90 | F94: Salem (South) | G94: - | H94: 2,24,097 | I94: 0.1393 | J94: Salem | K94: Salem | L94: 2011 | P94: =VLOOKUP(J94,R:S,2,FALSE) -> 62d629ce-cf5a-4c6c-9e52-d7fe59a7b356
... A129: Panruti | B129: =VLOOKUP(A129,F:J, 5,FALSE) -> Cuddalore | C129: =VLOOKUP(B129, R:S,2,FALSE) -> 8e63bc03-1c9e-4f11-bfec-37eea3e8d2d1 | E129: 125 | F129: Udumalaipettai | G129: - | H129: 2,28,524 | I129: 0.1529 | J129: Tiruppur | K129: Pollachi | L129: 1952 | P129: =VLOOKUP(J129,R:S,2,FALSE) -> 13563db6-dce7-4b82-81dd-bac5d416110d
A130: Papanasam | B130: =VLOOKUP(A130,F:J, 5,FALSE) -> Thanjavur | C130: =VLOOKUP(B130, R:S,2,FALSE) -> 3db015df-eb65-405f-8488-eea72eb6e087 | E130: 126 | F130: Madathukulam | G130: - | H130: 2,12,742 | I130: 0.1439 | J130: Tiruppur | K130: Pollachi | P130: =VLOOKUP(J130,R:S,2,FALSE) -> 13563db6-dce7-4b82-81dd-bac5d416110d
A131: Pappireddippatti | B131: =VLOOKUP(A131,F:J, 5,FALSE) -> Dharmapuri | C131: =VLOOKUP(B131, R:S,2,FALSE) -> 3a93651e-764f-48f3-8748-25b303c32304 | E131: 127 | F131: Palani | G131: - | H131: 2,37,359 | I131: 0.1438 | J131: Dindigul | K131: Dindigul | P131: =VLOOKUP(J131,R:S,2,FALSE) -> 69483f23-6312-4c39-826f-a058c83f421a
A132: Paramakudi | B132: =VLOOKUP(A132,F:J, 5,FALSE) -> Ramanathapuram | C132: =VLOOKUP(B132, R:S,2,FALSE) -> 3f86a37b-6817-4dc5-babd-73c972962aca | E132: 128 | F132: Oddanchatram | G132: - | H132: 2,17,698 | I132: 0.0975 | J132: Dindigul | K132: Dindigul | P132: =VLOOKUP(J132,R:S,2,FALSE) -> 69483f23-6312-4c39-826f-a058c83f421a
A133: Paramathi-Velur | B133: =VLOOKUP(A133,F:J, 5,FALSE) -> Namakkal | C133: =VLOOKUP(B133, R:S,2,FALSE) -> c4173481-1e2e-4675-900e-fdab918f8db9 | E133: 129 | F133: Athoor | G133: - | H133: 2,59,846 | I133: 0.1084 | J133: Dindigul | K133: Dindigul | P133: =VLOOKUP(J133,R:S,2,FALSE) -> 69483f23-6312-4c39-826f-a058c83f421a
A134: Pattukkottai | B134: =VLOOKUP(A134,F:J, 5,FALSE) -> Thanjavur | C134: =VLOOKUP(B134, R:S,2,FALSE) -> 3db015df-eb65-405f-8488-eea72eb6e087 | E134: 130 | F134: Nilakkottai | G134: SC | H134: 2,19,077 | I134: 0.1023 | J134: Dindigul | K134: Dindigul | P134: =VLOOKUP(J134,R:S,2,FALSE) -> 69483f23-6312-4c39-826f-a058c83f421a
A135: Pennagaram | B135: =VLOOKUP(A135,F:J, 5,FALSE) -> Dharmapuri | C135: =VLOOKUP(B135, R:S,2,FALSE) -> 3a93651e-764f-48f3-8748-25b303c32304 | E135: 131 | F135: Natham | G135: - | H135: 2,58,603 | I135: 0.0871 | J135: Dindigul | K135: Dindigul | P135: =VLOOKUP(J135,R:S,2,FALSE) -> 69483f23-6312-4c39-826f-a058c83f421a
A136: Perambalur | B136: =VLOOKUP(A136,F:J, 5,FALSE) -> Perambalur | C136: =VLOOKUP(B136, R:S,2,FALSE) -> 25314415-663a-4244-9db1-5c2962868664 | E136: 132 | F136: Dindigul | G136: - | H136: 2,37,679 | I136: 0.1407 | J136: Dindigul | K136: Dindigul | P136: =VLOOKUP(J136,R:S,2,FALSE) -> 69483f23-6312-4c39-826f-a058c83f421a
A137: Perambur | B137: =VLOOKUP(A137,F:J, 5,FALSE) -> Chennai | C137: =VLOOKUP(B137, R:S,2,FALSE) -> 63cbd559-4eec-4e0e-b0fb-6381dfe6c073 | E137: 133 | F137: Vedasandur | G137: - | H137: 2,41,813 | I137: 0.0816 | J137: Dindigul | K137: Karur | P137: =VLOOKUP(J137,R:S,2,FALSE) -> 69483f23-6312-4c39-826f-a058c83f421a
A138: Peravurani | B138: =VLOOKUP(A138,F:J, 5,FALSE) -> Thanjavur | C138: =VLOOKUP(B138, R:S,2,FALSE) -> 3db015df-eb65-405f-8488-eea72eb6e087 | E138: 134 | F138: Aravakurichi | G138: - | H138: 1,94,505 | I138: 0.0909 | J138: Karur | K138: Karur | P138: =VLOOKUP(J138,R:S,2,FALSE) -> 43e8d60c-0e2c-42f0-95d9-48b6ed30d923
A139: Periyakulam | B139: =VLOOKUP(A139,F:J, 5,FALSE) -> Theni | C139: =VLOOKUP(B139, R:S,2,FALSE) -> 95f7baf3-92ec-4aae-a8d9-7a791a502c75 | E139: 135 | F139: Karur | G139: - | H139: 2,26,584 | I139: 0.0762 | J139: Karur | K139: Karur | P139: =VLOOKUP(J139,R:S,2,FALSE) -> 43e8d60c-0e2c-42f0-95d9-48b6ed30d923
A140: Perundurai | B140: =VLOOKUP(A140,F:J, 5,FALSE) -> Erode | C140: =VLOOKUP(B140, R:S,2,FALSE) -> e2efd18f-6894-41eb-a8db-08cdb7f21267 | E140: 136 | F140: Krishnarayapuram | G140: SC | H140: 2,02,087 | I140: 0.051 | J140: Karur | K140: Karur | P140: =VLOOKUP(J140,R:S,2,FALSE) -> 43e8d60c-0e2c-42f0-95d9-48b6ed30d923
A141: Pollachi | B141: =VLOOKUP(A141,F:J, 5,FALSE) -> Coimbatore | C141: =VLOOKUP(B141, R:S,2,FALSE) -> fadd0541-32fa-4fb6-928b-1c74a1fd8686 | E141: 137 | F141: Kulithalai | G141: - | H141: 2,21,988 | I141: 0.0224 | J141: Karur | K141: Perambalur | P141: =VLOOKUP(J141,R:S,2,FALSE) -> 43e8d60c-0e2c-42f0-95d9-48b6ed30d923
... A143: Ponneri | B143: =VLOOKUP(A143,F:J, 5,FALSE) -> Thiruvallur | C143: =VLOOKUP(B143, R:S,2,FALSE) -> 76168604-65fc-439f-8e23-05d731626567 | E143: 139 | F143: Srirangam | G143: - | H143: 2,83,862 | I143: 0.0894 | J143: Tiruchirappalli | K143: Tiruchirappalli | P143: =VLOOKUP(J143,R:S,2,FALSE) -> c94e37d8-fe96-4f52-8f19-579dad42775c
A144: Poompuhar | B144: =VLOOKUP(A144,F:J, 5,FALSE) -> Mayiladuthurai | C144: =VLOOKUP(B144, R:S,2,FALSE) -> b9a7adbb-ccdb-412f-ae95-c0b8705d7444 | E144: 140 | F144: Tiruchirappalli (West) | G144: - | H144: 2,35,903 | I144: 0.1237 | J144: Tiruchirappalli | K144: Tiruchirappalli | L144: 2011 | P144: =VLOOKUP(J144,R:S,2,FALSE) -> c94e37d8-fe96-4f52-8f19-579dad42775c
A145: Poonamallee | B145: =VLOOKUP(A145,F:J, 5,FALSE) -> Thiruvallur | C145: =VLOOKUP(B145, R:S,2,FALSE) -> 76168604-65fc-439f-8e23-05d731626567 | E145: 141 | F145: Tiruchirappalli (East) | G145: - | H145: 2,17,397 | I145: 0.1476 | J145: Tiruchirappalli | K145: Tiruchirappalli | L145: 2011 | P145: =VLOOKUP(J145,R:S,2,FALSE) -> c94e37d8-fe96-4f52-8f19-579dad42775c
A146: Pudukkottai | B146: =VLOOKUP(A146,F:J, 5,FALSE) -> Pudukkottai | C146: =VLOOKUP(B146, R:S,2,FALSE) -> 0fd86ea7-25eb-4f20-b4ad-2fe7dda7e382 | E146: 142 | F146: Thiruverumbur | G146: - | H146: 2,56,239 | I146: 0.1255 | J146: Tiruchirappalli | K146: Tiruchirappalli | P146: =VLOOKUP(J146,R:S,2,FALSE) -> c94e37d8-fe96-4f52-8f19-579dad42775c
A147: Radhapuram | B147: =VLOOKUP(A147,F:J, 5,FALSE) -> Tirunelveli | C147: =VLOOKUP(B147, R:S,2,FALSE) -> 6a1bb690-7bc3-47d8-9672-e2ba8682155e | E147: 143 | F147: Lalgudi | G147: - | H147: 2,11,043 | I147: 0.0325 | J147: Tiruchirappalli | K147: Perambalur | P147: =VLOOKUP(J147,R:S,2,FALSE) -> c94e37d8-fe96-4f52-8f19-579dad42775c
A148: Rajapalayam | B148: =VLOOKUP(A148,F:J, 5,FALSE) -> Virudhunagar | C148: =VLOOKUP(B148, R:S,2,FALSE) -> 6c99dc2a-7e9b-49e5-b090-58033936d735 | E148: 144 | F148: Manachanallur | G148: - | H148: 2,34,217 | I148: 0.0409 | J148: Tiruchirappalli | K148: Perambalur | P148: =VLOOKUP(J148,R:S,2,FALSE) -> c94e37d8-fe96-4f52-8f19-579dad42775c
A149: Ramanathapuram | B149: =VLOOKUP(A149,F:J, 5,FALSE) -> Ramanathapuram | C149: =VLOOKUP(B149, R:S,2,FALSE) -> 3f86a37b-6817-4dc5-babd-73c972962aca | E149: 145 | F149: Musiri | G149: - | H149: 2,12,612 | I149: 0.0867 | J149: Tiruchirappalli | K149: Perambalur | P149: =VLOOKUP(J149,R:S,2,FALSE) -> c94e37d8-fe96-4f52-8f19-579dad42775c
A150: Ranipet | B150: =VLOOKUP(A150,F:J, 5,FALSE) -> Ranipet | C150: =VLOOKUP(B150, R:S,2,FALSE) -> 4fa55af9-22fb-4523-b6c5-1629a9db82a5 | E150: 146 | F150: Thuraiyur | G150: SC | H150: 2,09,011 | I150: 0.0758 | J150: Tiruchirappalli | K150: Perambalur | P150: =VLOOKUP(J150,R:S,2,FALSE) -> c94e37d8-fe96-4f52-8f19-579dad42775c
A151: Rasipuram | B151: =VLOOKUP(A151,F:J, 5,FALSE) -> Namakkal | C151: =VLOOKUP(B151, R:S,2,FALSE) -> c4173481-1e2e-4675-900e-fdab918f8db9 | E151: 147 | F151: Perambalur | G151: SC | H151: 2,88,449 | I151: 0.0471 | J151: Perambalur | K151: Perambalur | P151: =VLOOKUP(J151,R:S,2,FALSE) -> 25314415-663a-4244-9db1-5c2962868664
A152: Rishivandiyam | B152: =VLOOKUP(A152,F:J, 5,FALSE) -> Kallakurichi | C152: =VLOOKUP(B152, R:S,2,FALSE) -> 3d64dbe1-2a99-4303-9307-175d56e6d9e6 | E152: 148 | F152: Kunnam | G152: - | H152: 2,66,682 | I152: 0.0248 | J152: Perambalur | K152: Chidambaram | P152: =VLOOKUP(J152,R:S,2,FALSE) -> 25314415-663a-4244-9db1-5c2962868664
...

Sheet country
B2: old | C2: id | D2: name | E2: isscode | F2: created_at
B3: 31a8af2e-356c-11f1-a204-16ffd85aa295 | C3: 4b389655-3e65-4771-869d-2209efa6cf61 | D3: India | E3: IN | F3: 46123.253 | H3: =_xlfn.CONCAT("insert into country (id, name, iso_code) values('", C3, "', '", D3, "', '", E3, "');") -> insert into country (id, name, iso_code) values('4b389655-3e65-4771-869d-2209efa6cf61', 'India', 'IN');
B4: 31a8cd83-356c-11f1-a204-16ffd85aa295 | C4: 09d48d7c-6327-4537-902b-7154f69f87be | D4: United States | E4: US | F4: 46123.253 | H4: =_xlfn.CONCAT("insert into country (id, name, iso_code) values('", C4, "', '", D4, "', '", E4, "');") -> insert into country (id, name, iso_code) values('09d48d7c-6327-4537-902b-7154f69f87be', 'United States', 'US');
B5: 31a8cf85-356c-11f1-a204-16ffd85aa295 | C5: 67377e60-c007-477d-92fa-c6e01294bbdd | D5: United Kingdom | E5: UK | F5: 46123.253 | H5: =_xlfn.CONCAT("insert into country (id, name, iso_code) values('", C5, "', '", D5, "', '", E5, "');") -> insert into country (id, name, iso_code) values('67377e60-c007-477d-92fa-c6e01294bbdd', 'United Kingdom', 'UK');
B6: 31a8d00f-356c-11f1-a204-16ffd85aa295 | C6: 87f117f0-217b-4e5d-a337-bf23b9b0f8da | D6: Germany | E6: DE | F6: 46123.253 | H6: =_xlfn.CONCAT("insert into country (id, name, iso_code) values('", C6, "', '", D6, "', '", E6, "');") -> insert into country (id, name, iso_code) values('87f117f0-217b-4e5d-a337-bf23b9b0f8da', 'Germany', 'DE');
B7: 31a8d063-356c-11f1-a204-16ffd85aa295 | C7: e2336c2c-fd9b-4c5a-a42e-d7f0a53b713f | D7: France | E7: FR | F7: 46123.253 | H7: =_xlfn.CONCAT("insert into country (id, name, iso_code) values('", C7, "', '", D7, "', '", E7, "');") -> insert into country (id, name, iso_code) values('e2336c2c-fd9b-4c5a-a42e-d7f0a53b713f', 'France', 'FR');
B8: 31a8d0b4-356c-11f1-a204-16ffd85aa295 | C8: c7654f04-9fc2-435e-a7ee-2247032989ad | D8: Italy | E8: IT | F8: 46123.253 | H8: =_xlfn.CONCAT("insert into country (id, name, iso_code) values('", C8, "', '", D8, "', '", E8, "');") -> insert into country (id, name, iso_code) values('c7654f04-9fc2-435e-a7ee-2247032989ad', 'Italy', 'IT');
B9: 31a8d115-356c-11f1-a204-16ffd85aa295 | C9: b22bdc92-6528-4038-9e03-5d3c3d7f605b | D9: Spain | E9: ES | F9: 46123.253 | H9: =_xlfn.CONCAT("insert into country (id, name, iso_code) values('", C9, "', '", D9, "', '", E9, "');") -> insert into country (id, name, iso_code) values('b22bdc92-6528-4038-9e03-5d3c3d7f605b', 'Spain', 'ES');
B10: 31a8eec6-356c-11f1-a204-16ffd85aa295 | C10: 80596187-2cbc-4d90-9bc8-1304eeb27bf4 | D10: Canada | E10: CA | F10: 46123.253 | H10: =_xlfn.CONCAT("insert into country (id, name, iso_code) values('", C10, "', '", D10, "', '", E10, "');") -> insert into country (id, name, iso_code) values('80596187-2cbc-4d90-9bc8-1304eeb27bf4', 'Canada', 'CA');
B11: 31a8efb4-356c-11f1-a204-16ffd85aa295 | C11: cb9a7b88-4980-432f-bf22-ae5ecd920af0 | D11: Australia | E11: AU | F11: 46123.253 | H11: =_xlfn.CONCAT("insert into country (id, name, iso_code) values('", C11, "', '", D11, "', '", E11, "');") -> insert into country (id, name, iso_code) values('cb9a7b88-4980-432f-bf22-ae5ecd920af0', 'Australia', 'AU');
B12: 31a8eff0-356c-11f1-a204-16ffd85aa295 | C12: c21c5803-793f-47c0-b7c8-21ff5fd20de3 | D12: Brazil | E12: BR | F12: 46123.253 | H12: =_xlfn.CONCAT("insert into country (id, name, iso_code) values('", C12, "', '", D12, "', '", E12, "');") -> insert into country (id, name, iso_code) values('c21c5803-793f-47c0-b7c8-21ff5fd20de3', 'Brazil', 'BR');
B13: 31a8f027-356c-11f1-a204-16ffd85aa295 | C13: e5882ea4-ebfa-4e3c-b8b7-d8988abfdda1 | D13: Japan | E13: JP | F13: 46123.253 | H13: =_xlfn.CONCAT("insert into country (id, name, iso_code) values('", C13, "', '", D13, "', '", E13, "');") -> insert into country (id, name, iso_code) values('e5882ea4-ebfa-4e3c-b8b7-d8988abfdda1', 'Japan', 'JP');
B14: 31a8f05d-356c-11f1-a204-16ffd85aa295 | C14: 9b9ed1f9-2ce9-4c54-a9bb-3f1f43525621 | D14: South Korea | E14: KR | F14: 46123.253 | H14: =_xlfn.CONCAT("insert into country (id, name, iso_code) values('", C14, "', '", D14, "', '", E14, "');") -> insert into country (id, name, iso_code) values('9b9ed1f9-2ce9-4c54-a9bb-3f1f43525621', 'South Korea', 'KR');
... B22: 31a8f242-356c-11f1-a204-16ffd85aa295 | C22: 4accd5d2-f9bd-4629-9712-4a7202dc9217 | D22: Nigeria | E22: NG | F22: 46123.253 | H22: =_xlfn.CONCAT("insert into country (id, name, iso_code) values('", C22, "', '", D22, "', '", E22, "');") -> insert into country (id, name, iso_code) values('4accd5d2-f9bd-4629-9712-4a7202dc9217', 'Nigeria', 'NG');

Sheet party master
B4: # id | C4: name | D4: color | E4: leader_name | F4: contestant_name | G4: logo_url | H4: country_id | I4: created_by | J4: created_at
B5: dc3f3d6e-9b0c-4c66-82b0-4ef4057f51a6 | C5: Gerindra | D5: #B22222 | E5: Prabowo Subianto | F5: TBD | G5: https://upload.wikimedia.org/wikipedia/commons/thumb/a/a5/Partai_Gerindra_logo.jpg/640px-Partai_Gerindra_logo.jpg | H5: 4b389655-3e65-4771-869d-2209efa6cf61 | I5: system | J5: 46123.253 | L5: =_xlfn.CONCAT("insert into party_master (id, name, color, leader_name, contestant_name, logo_url, country_id, created_by) values ('", B5, "', '", C5, "', '", D5, "', '", E5, "', '", F5, "', '", G5, "', '", H5, "', '", I5, "');") -> insert into party_master (id, name, color, leader_name, contestant_name, logo_url, country_id, created_by) values ('dc3f3d6e-9b0c-4c66-82b0-4ef4057f51a6', 'Gerindra', '#B22222', 'Prabowo Subianto', 'TBD', 'https://upload.wikimedia.org/wikipedia/commons/thumb/a/a5/Partai_Gerindra_logo.jpg/640px-Partai_Gerindra_logo.jpg', '4b389655-3e65-4771-869d-2209efa6cf61', 'system');
B6: 66f31c33-3912-4310-aa44-a25fbc6b3d2c | C6: Golkar | D6: #FFD700 | E6: Airlangga Hartarto | F6: TBD | G6: https://upload.wikimedia.org/wikipedia/commons/thumb/8/86/Logo_Golkar.svg/640px-Logo_Golkar.svg.png | H6: 4b389655-3e65-4771-869d-2209efa6cf61 | I6: system | J6: 46123.253 | L6: =_xlfn.CONCAT("insert into party_master (id, name, color, leader_name, contestant_name, logo_url, country_id, created_by) values ('", B6, "', '", C6, "', '", D6, "', '", E6, "', '", F6, "', '", G6, "', '", H6, "', '", I6, "');") -> insert into party_master (id, name, color, leader_name, contestant_name, logo_url, country_id, created_by) values ('66f31c33-3912-4310-aa44-a25fbc6b3d2c', 'Golkar', '#FFD700', 'Airlangga Hartarto', 'TBD', 'https://upload.wikimedia.org/wikipedia/commons/thumb/8/86/Logo_Golkar.svg/640px-Logo_Golkar.svg.png', '4b389655-3e65-4771-869d-2209efa6cf61', 'system');
B7: 1f16f534-821d-4ee1-8799-3b079e286564 | C7: Indonesian Democratic Party of Struggle | D7: #E3000F | E7: Megawati Sukarnoputri | F7: TBD | G7: https://tse1.mm.bing.net/th/id/OIP._W_L2FY37VuxugPOIlGENAAAAA?rs=1&pid=ImgDetMain&o=7&rm=3 | H7: 4b389655-3e65-4771-869d-2209efa6cf61 | I7: system | J7: 46123.253 | L7: =_xlfn.CONCAT("insert into party_master (id, name, color, leader_name, contestant_name, logo_url, country_id, created_by) values ('", B7, "', '", C7, "', '", D7, "', '", E7, "', '", F7, "', '", G7, "', '", H7, "', '", I7, "');") -> insert into party_master (id, name, color, leader_name, contestant_name, logo_url, country_id, created_by) values ('1f16f534-821d-4ee1-8799-3b079e286564', 'Indonesian Democratic Party of Struggle', '#E3000F', 'Megawati Sukarnoputri', 'TBD', 'https://tse1.mm.bing.net/th/id/OIP._W_L2FY37VuxugPOIlGENAAAAA?rs=1&pid=ImgDetMain&o=7&rm=3', '4b389655-3e65-4771-869d-2209efa6cf61', 'system');
B8: d4bf5bd9-e863-4248-8490-05b698529b69 | C8: Aam Aadmi Party | D8: #00AEEF | E8: Arvind Kejriwal | F8: TBD | G8: https://images.seeklogo.com/logo-png/36/1/aam-aadmi-party-logo-png_seeklogo-369629.png | H8: 4b389655-3e65-4771-869d-2209efa6cf61 | I8: system | J8: 46123.253 | L8: =_xlfn.CONCAT("insert into party_master (id, name, color, leader_name, contestant_name, logo_url, country_id, created_by) values ('", B8, "', '", C8, "', '", D8, "', '", E8, "', '", F8, "', '", G8, "', '", H8, "', '", I8, "');") -> insert into party_master (id, name, color, leader_name, contestant_name, logo_url, country_id, created_by) values ('d4bf5bd9-e863-4248-8490-05b698529b69', 'Aam Aadmi Party', '#00AEEF', 'Arvind Kejriwal', 'TBD', 'https://images.seeklogo.com/logo-png/36/1/aam-aadmi-party-logo-png_seeklogo-369629.png', '4b389655-3e65-4771-869d-2209efa6cf61', 'system');
B9: 0ce8f9aa-434c-402c-ac1c-8b68cbca73c5 | C9: AIADMK | D9: #008000 | E9: Edappadi K Palaniswami | F9: TBD | G9: https://images.seeklogo.com/logo-png/41/1/aiadmk-logo-png_seeklogo-411321.png | H9: 4b389655-3e65-4771-869d-2209efa6cf61 | I9: system | J9: 46123.253 | L9: =_xlfn.CONCAT("insert into party_master (id, name, color, leader_name, contestant_name, logo_url, country_id, created_by) values ('", B9, "', '", C9, "', '", D9, "', '", E9, "', '", F9, "', '", G9, "', '", H9, "', '", I9, "');") -> insert into party_master (id, name, color, leader_name, contestant_name, logo_url, country_id, created_by) values ('0ce8f9aa-434c-402c-ac1c-8b68cbca73c5', 'AIADMK', '#008000', 'Edappadi K Palaniswami', 'TBD', 'https://images.seeklogo.com/logo-png/41/1/aiadmk-logo-png_seeklogo-411321.png', '4b389655-3e65-4771-869d-2209efa6cf61', 'system');
B10: d7fb35bb-cd73-4619-ab55-6dd15091f242 | C10: All India Anna Dravida Munnetra Kazhagam | D10: #008000 | E10: Edappadi K Palaniswami | F10: TBD | G10: https://images.seeklogo.com/logo-png/41/1/aiadmk-logo-png_seeklogo-411321.png | H10: 4b389655-3e65-4771-869d-2209efa6cf61 | I10: system | J10: 46123.253 | L10: =_xlfn.CONCAT("insert into party_master (id, name, color, leader_name, contestant_name, logo_url, country_id, created_by) values ('", B10, "', '", C10, "', '", D10, "', '", E10, "', '", F10, "', '", G10, "', '", H10, "', '", I10, "');") -> insert into party_master (id, name, color, leader_name, contestant_name, logo_url, country_id, created_by) values ('d7fb35bb-cd73-4619-ab55-6dd15091f242', 'All India Anna Dravida Munnetra Kazhagam', '#008000', 'Edappadi K Palaniswami', 'TBD', 'https://images.seeklogo.com/logo-png/41/1/aiadmk-logo-png_seeklogo-411321.png', '4b389655-3e65-4771-869d-2209efa6cf61', 'system');
B11: ad05e341-80eb-4fa6-8829-91f3e6bb7805 | C11: All India Forward Bloc | D11: #FF0000 | E11: G Devarajan | F11: TBD | G11: https://upload.wikimedia.org/wikipedia/commons/thumb/e/e5/All_India_Forward_Bloc_flag.svg/640px-All_India_Forward_Bloc_flag.svg.png | H11: 4b389655-3e65-4771-869d-2209efa6cf61 | I11: system | J11: 46123.253 | L11: =_xlfn.CONCAT("insert into party_master (id, name, color, leader_name, contestant_name, logo_url, country_id, created_by) values ('", B11, "', '", C11, "', '", D11, "', '", E11, "', '", F11, "', '", G11, "', '", H11, "', '", I11, "');") -> insert into party_master (id, name, color, leader_name, contestant_name, logo_url, country_id, created_by) values ('ad05e341-80eb-4fa6-8829-91f3e6bb7805', 'All India Forward Bloc', '#FF0000', 'G Devarajan', 'TBD', 'https://upload.wikimedia.org/wikipedia/commons/thumb/e/e5/All_India_Forward_Bloc_flag.svg/640px-All_India_Forward_Bloc_flag.svg.png', '4b389655-3e65-4771-869d-2209efa6cf61', 'system');
B12: 6bdbb148-0e06-4aee-82ff-f69f453e2df3 | C12: All India Majlis-e-Ittehadul Muslimeen | D12: #008000 | E12: Asaduddin Owaisi | F12: TBD | G12: https://upload.wikimedia.org/wikipedia/commons/thumb/9/9e/All_India_Majlis-e-Ittehadul_Muslimeen_logo.svg/640px-All_India_Majlis-e-Ittehadul_Muslimeen_logo.svg.png | H12: 4b389655-3e65-4771-869d-2209efa6cf61 | I12: system | J12: 46123.253 | L12: =_xlfn.CONCAT("insert into party_master (id, name, color, leader_name, contestant_name, logo_url, country_id, created_by) values ('", B12, "', '", C12, "', '", D12, "', '", E12, "', '", F12, "', '", G12, "', '", H12, "', '", I12, "');") -> insert into party_master (id, name, color, leader_name, contestant_name, logo_url, country_id, created_by) values ('6bdbb148-0e06-4aee-82ff-f69f453e2df3', 'All India Majlis-e-Ittehadul Muslimeen', '#008000', 'Asaduddin Owaisi', 'TBD', 'https://upload.wikimedia.org/wikipedia/commons/thumb/9/9e/All_India_Majlis-e-Ittehadul_Muslimeen_logo.svg/640px-All_India_Majlis-e-Ittehadul_Muslimeen_logo.svg.png', '4b389655-3e65-4771-869d-2209efa6cf61', 'system');
B13: 925ec90f-83f2-4229-b8e7-be8330c0a959 | C13: All India N R Congress | D13: #3366CC | E13: N Rangasamy | F13: TBD | G13: https://upload.wikimedia.org/wikipedia/commons/thumb/a/a6/All_India_N.R._Congress.png/640px-All_India_N.R._Congress.png | H13: 4b389655-3e65-4771-869d-2209efa6cf61 | I13: system | J13: 46123.253 | L13: =_xlfn.CONCAT("insert into party_master (id, name, color, leader_name, contestant_name, logo_url, country_id, created_by) values ('", B13, "', '", C13, "', '", D13, "', '", E13, "', '", F13, "', '", G13, "', '", H13, "', '", I13, "');") -> insert into party_master (id, name, color, leader_name, contestant_name, logo_url, country_id, created_by) values ('925ec90f-83f2-4229-b8e7-be8330c0a959', 'All India N R Congress', '#3366CC', 'N Rangasamy', 'TBD', 'https://upload.wikimedia.org/wikipedia/commons/thumb/a/a6/All_India_N.R._Congress.png/640px-All_India_N.R._Congress.png', '4b389655-3e65-4771-869d-2209efa6cf61', 'system');
B14: 46968f74-1159-4d42-9af6-5222e27a8dc5 | C14: Amma Makkal Munnetra Kazhagam (AMMK) | D14: #c00500 | E14: Vijay | F14: TBD | G14: https://images.seeklogo.com/logo-png/41/1/aiadmk-logo-png_seeklogo-411321.png | H14: 4b389655-3e65-4771-869d-2209efa6cf61 | I14: system | J14: 46127.032 | L14: =_xlfn.CONCAT("insert into party_master (id, name, color, leader_name, contestant_name, logo_url, country_id, created_by) values ('", B14, "', '", C14, "', '", D14, "', '", E14, "', '", F14, "', '", G14, "', '", H14, "', '", I14, "');") -> insert into party_master (id, name, color, leader_name, contestant_name, logo_url, country_id, created_by) values ('46968f74-1159-4d42-9af6-5222e27a8dc5', 'Amma Makkal Munnetra Kazhagam (AMMK)', '#c00500', 'Vijay', 'TBD', 'https://images.seeklogo.com/logo-png/41/1/aiadmk-logo-png_seeklogo-411321.png', '4b389655-3e65-4771-869d-2209efa6cf61', 'system');
B15: 48a83629-1e5f-432d-8f90-675b893177e1 | C15: Apna Dal | D15: #009999 | E15: Anupriya Patel | F15: TBD | G15: https://upload.wikimedia.org/wikipedia/commons/thumb/0/08/Apna_dal_Flag.svg/640px-Apna_dal_Flag.svg.png | H15: 4b389655-3e65-4771-869d-2209efa6cf61 | I15: system | J15: 46123.253 | L15: =_xlfn.CONCAT("insert into party_master (id, name, color, leader_name, contestant_name, logo_url, country_id, created_by) values ('", B15, "', '", C15, "', '", D15, "', '", E15, "', '", F15, "', '", G15, "', '", H15, "', '", I15, "');") -> insert into party_master (id, name, color, leader_name, contestant_name, logo_url, country_id, created_by) values ('48a83629-1e5f-432d-8f90-675b893177e1', 'Apna Dal', '#009999', 'Anupriya Patel', 'TBD', 'https://upload.wikimedia.org/wikipedia/commons/thumb/0/08/Apna_dal_Flag.svg/640px-Apna_dal_Flag.svg.png', '4b389655-3e65-4771-869d-2209efa6cf61', 'system');
B16: d0358335-ea94-4293-97f5-c8196786b658 | C16: Assam Gana Parishad | D16: #009933 | E16: Atul Bora | F16: TBD | G16: https://upload.wikimedia.org/wikipedia/commons/thumb/2/24/Flag_of_Trinamool_Gana_Parishad.svg/640px-Flag_of_Trinamool_Gana_Parishad.svg.png | H16: 4b389655-3e65-4771-869d-2209efa6cf61 | I16: system | J16: 46123.253 | L16: =_xlfn.CONCAT("insert into party_master (id, name, color, leader_name, contestant_name, logo_url, country_id, created_by) values ('", B16, "', '", C16, "', '", D16, "', '", E16, "', '", F16, "', '", G16, "', '", H16, "', '", I16, "');") -> insert into party_master (id, name, color, leader_name, contestant_name, logo_url, country_id, created_by) values ('d0358335-ea94-4293-97f5-c8196786b658', 'Assam Gana Parishad', '#009933', 'Atul Bora', 'TBD', 'https://upload.wikimedia.org/wikipedia/commons/thumb/2/24/Flag_of_Trinamool_Gana_Parishad.svg/640px-Flag_of_Trinamool_Gana_Parishad.svg.png', '4b389655-3e65-4771-869d-2209efa6cf61', 'system');
... B105: 8c5fe417-950b-4dcf-bda6-c65d994482f7 | C105: National Regeneration Movement | D105: #8B0000 | E105: Andres Manuel Lopez Obrador | F105: TBD | G105: https://upload.wikimedia.org/wikipedia/commons/thumb/e/ea/Morena_logo_%28Mexico%29.svg/640px-Morena_logo_%28Mexico%29.svg.png | H105: 078a0e97-a069-42ef-a81a-a8d6a76483fe | I105: system | J105: 46123.253 | L105: =_xlfn.CONCAT("insert into party_master (id, name, color, leader_name, contestant_name, logo_url, country_id, created_by) values ('", B105, "', '", C105, "', '", D105, "', '", E105, "', '", F105, "', '", G105, "', '", H105, "', '", I105, "');") -> insert into party_master (id, name, color, leader_name, contestant_name, logo_url, country_id, created_by) values ('8c5fe417-950b-4dcf-bda6-c65d994482f7', 'National Regeneration Movement', '#8B0000', 'Andres Manuel Lopez Obrador', 'TBD', 'https://upload.wikimedia.org/wikipedia/commons/thumb/e/ea/Morena_logo_%28Mexico%29.svg/640px-Morena_logo_%28Mexico%29.svg.png', '078a0e97-a069-42ef-a81a-a8d6a76483fe', 'system');
